voltage,current,avg_power,peak_power,min_power,power_variance,power_std,current_variance,energy_rate,appliance
228.75,0.099,21.31,23.59,20.21,1.326,1.152,3e-05,0.0213,Bulb
232.08,0.056,8.29,11.62,6.81,2.134,1.461,4e-05,0.0083,Bulb
226.82,0.063,10.57,11.69,9.83,0.355,0.596,1e-05,0.0106,Bulb
226.39,0.023,12.09,13.3,11.02,0.457,0.676,1e-05,0.0121,Bulb
227.0,0.055,15.2,16.42,13.83,0.941,0.97,2e-05,0.0152,Bulb
225.98,0.097,17.58,18.63,16.58,0.596,0.772,1e-05,0.0176,Bulb
225.34,0.148,20.73,21.84,20.13,0.288,0.536,1e-05,0.0207,Bulb
226.85,0.119,21.57,24.5,19.53,1.458,1.208,3e-05,0.0216,Bulb
230.98,0.07,20.91,21.36,20.64,0.099,0.315,0.0,0.0209,Bulb
227.71,0.054,19.6,20.64,18.71,0.441,0.664,1e-05,0.0196,Bulb
226.41,0.097,19.23,19.97,18.76,0.088,0.297,0.0,0.0192,Bulb
232.29,0.099,18.8,19.29,18.53,0.088,0.296,0.0,0.0188,Bulb
233.63,0.095,16.73,17.53,16.03,0.397,0.63,1e-05,0.0167,Bulb
231.38,0.07,20.42,21.52,19.19,0.662,0.814,1e-05,0.0204,Bulb
232.61,0.06,15.86,18.07,14.27,1.445,1.202,3e-05,0.0159,Bulb
226.08,0.036,8.44,10.09,7.1,1.055,1.027,2e-05,0.0084,Bulb
234.08,0.045,11.49,13.09,10.74,0.538,0.733,1e-05,0.0115,Bulb
226.61,0.084,21.02,23.55,18.93,1.564,1.251,3e-05,0.021,Bulb
233.04,0.039,10.61,13.2,8.43,1.85,1.36,3e-05,0.0106,Bulb
226.1,0.063,11.19,12.9,9.94,0.57,0.755,1e-05,0.0112,Bulb
225.07,0.076,15.15,16.26,14.47,0.552,0.743,1e-05,0.0152,Bulb
228.23,0.064,15.26,17.13,13.29,1.241,1.114,2e-05,0.0153,Bulb
234.62,0.051,11.52,12.87,10.61,0.716,0.846,1e-05,0.0115,Bulb
230.03,0.029,8.72,10.06,8.14,0.316,0.562,1e-05,0.0087,Bulb
226.45,0.05,14.85,17.1,12.67,2.194,1.481,4e-05,0.0149,Bulb
232.28,0.072,13.15,15.22,11.78,1.044,1.022,2e-05,0.0131,Bulb
225.9,0.121,19.69,20.58,19.18,0.381,0.617,1e-05,0.0197,Bulb
225.17,0.085,15.17,16.18,14.69,0.244,0.494,0.0,0.0152,Bulb
231.91,0.051,13.41,15.37,11.8,2.01,1.418,4e-05,0.0134,Bulb
231.6,0.095,19.44,21.18,18.48,0.85,0.922,2e-05,0.0194,Bulb
225.93,0.117,20.56,23.33,19.0,1.878,1.371,4e-05,0.0206,Bulb
233.97,0.07,20.42,22.89,19.35,1.473,1.214,3e-05,0.0204,Bulb
226.62,0.094,20.58,21.78,19.69,0.977,0.988,2e-05,0.0206,Bulb
231.92,0.05,17.13,18.17,16.62,0.242,0.492,0.0,0.0171,Bulb
228.25,0.063,18.45,20.86,16.93,1.091,1.045,2e-05,0.0185,Bulb
228.68,0.054,11.71,12.99,11.1,0.267,0.517,1e-05,0.0117,Bulb
233.92,0.044,16.84,19.12,15.14,1.521,1.233,3e-05,0.0168,Bulb
232.22,0.051,11.93,12.4,11.7,0.054,0.232,0.0,0.0119,Bulb
234.4,0.089,21.36,23.69,20.22,1.93,1.389,4e-05,0.0214,Bulb
234.67,0.106,21.49,23.56,19.94,1.713,1.309,3e-05,0.0215,Bulb
233.51,0.066,12.44,13.25,11.71,0.177,0.42,0.0,0.0124,Bulb
225.97,0.109,16.61,18.67,14.65,2.211,1.487,4e-05,0.0166,Bulb
233.77,0.097,18.37,20.71,17.09,1.224,1.106,2e-05,0.0184,Bulb
233.1,0.074,20.14,22.73,18.33,1.924,1.387,4e-05,0.0201,Bulb
232.98,0.05,17.1,19.59,15.22,1.238,1.113,2e-05,0.0171,Bulb
225.94,0.041,16.1,16.54,15.76,0.061,0.247,0.0,0.0161,Bulb
227.87,0.054,16.27,16.57,15.88,0.057,0.24,0.0,0.0163,Bulb
230.22,0.075,18.78,19.75,18.35,0.231,0.481,0.0,0.0188,Bulb
225.52,0.069,15.44,17.27,14.06,0.815,0.903,2e-05,0.0154,Bulb
228.23,0.093,19.13,20.11,18.65,0.305,0.552,1e-05,0.0191,Bulb
225.25,0.089,21.48,24.19,19.92,1.656,1.287,3e-05,0.0215,Bulb
227.5,0.063,15.69,18.01,14.47,1.275,1.129,2e-05,0.0157,Bulb
234.55,0.064,18.33,20.17,17.21,0.848,0.921,2e-05,0.0183,Bulb
232.58,0.01,8.2,8.64,7.91,0.123,0.351,0.0,0.0082,Bulb
233.55,0.051,17.85,18.93,16.8,0.667,0.816,1e-05,0.0179,Bulb
229.34,0.057,13.58,15.61,12.73,1.001,1.001,2e-05,0.0136,Bulb
228.75,0.069,16.76,18.74,15.52,0.729,0.854,1e-05,0.0168,Bulb
230.86,0.093,21.16,22.78,19.79,0.899,0.948,2e-05,0.0212,Bulb
229.58,0.058,15.64,18.06,13.13,2.028,1.424,4e-05,0.0156,Bulb
228.19,0.091,19.83,20.35,19.58,0.053,0.23,0.0,0.0198,Bulb
226.18,0.066,17.75,20.14,16.19,1.036,1.018,2e-05,0.0178,Bulb
226.77,0.099,18.51,21.62,16.99,1.56,1.249,3e-05,0.0185,Bulb
228.72,0.114,18.87,20.42,17.8,0.414,0.643,1e-05,0.0189,Bulb
232.55,0.032,9.44,11.99,7.21,1.886,1.373,3e-05,0.0094,Bulb
228.2,0.085,20.54,21.39,19.33,0.498,0.706,1e-05,0.0205,Bulb
234.5,0.079,21.31,23.22,20.13,0.894,0.945,2e-05,0.0213,Bulb
227.93,0.041,12.6,14.94,10.89,1.154,1.074,2e-05,0.0126,Bulb
230.5,0.061,14.18,16.42,12.94,1.833,1.354,3e-05,0.0142,Bulb
226.43,0.074,18.66,20.0,17.77,1.007,1.004,2e-05,0.0187,Bulb
233.22,0.081,17.89,18.29,17.34,0.093,0.306,0.0,0.0179,Bulb
228.74,0.044,13.19,16.24,10.94,1.579,1.257,3e-05,0.0132,Bulb
225.84,0.111,18.88,20.5,17.3,0.857,0.926,2e-05,0.0189,Bulb
226.11,0.091,14.9,15.29,14.71,0.046,0.215,0.0,0.0149,Bulb
230.83,0.108,21.47,22.55,20.32,0.472,0.687,1e-05,0.0215,Bulb
227.24,0.096,21.49,22.02,21.3,0.047,0.216,0.0,0.0215,Bulb
234.93,0.058,9.03,11.3,7.82,0.846,0.92,2e-05,0.009,Bulb
231.29,0.074,17.74,19.33,16.65,0.626,0.791,1e-05,0.0177,Bulb
231.2,0.071,11.88,12.68,11.37,0.198,0.445,0.0,0.0119,Bulb
230.84,0.01,9.09,12.73,6.89,2.151,1.467,4e-05,0.0091,Bulb
233.14,0.083,17.59,18.57,16.92,0.169,0.411,0.0,0.0176,Bulb
234.5,0.076,18.16,19.9,16.43,0.995,0.997,2e-05,0.0182,Bulb
233.11,0.088,21.82,22.6,21.35,0.156,0.396,0.0,0.0218,Bulb
234.7,0.082,19.79,22.12,18.22,1.664,1.29,3e-05,0.0198,Bulb
233.65,0.082,19.38,23.12,17.35,2.249,1.5,4e-05,0.0194,Bulb
232.69,0.064,21.23,23.21,19.6,1.702,1.305,3e-05,0.0212,Bulb
231.72,0.083,16.65,17.55,15.67,0.443,0.666,1e-05,0.0167,Bulb
230.2,0.102,18.81,20.83,17.63,0.768,0.876,1e-05,0.0188,Bulb
229.03,0.046,9.88,10.39,9.54,0.056,0.237,0.0,0.0099,Bulb
232.04,0.013,10.98,11.44,10.55,0.142,0.377,0.0,0.011,Bulb
229.37,0.119,20.66,21.88,19.62,0.426,0.653,1e-05,0.0207,Bulb
228.97,0.073,16.71,19.93,15.46,1.745,1.321,3e-05,0.0167,Bulb
227.58,0.079,14.43,17.14,12.76,2.173,1.474,4e-05,0.0144,Bulb
231.33,0.027,11.36,11.77,11.08,0.089,0.299,0.0,0.0114,Bulb
228.46,0.1,20.56,22.24,19.76,0.666,0.816,1e-05,0.0206,Bulb
226.92,0.01,8.57,9.23,8.16,0.176,0.42,0.0,0.0086,Bulb
228.64,0.062,15.05,16.42,13.29,1.205,1.098,2e-05,0.015,Bulb
231.28,0.057,9.14,12.35,7.99,1.784,1.336,3e-05,0.0091,Bulb
232.48,0.033,10.58,11.38,9.98,0.223,0.472,0.0,0.0106,Bulb
231.18,0.074,13.16,14.9,12.49,0.642,0.801,1e-05,0.0132,Bulb
233.95,0.045,15.16,16.36,14.05,0.795,0.892,1e-05,0.0152,Bulb
230.33,0.028,11.39,12.32,10.94,0.303,0.55,1e-05,0.0114,Bulb
228.27,0.029,9.68,12.35,7.67,1.843,1.358,4e-05,0.0097,Bulb
232.89,0.056,14.98,15.57,14.54,0.098,0.313,0.0,0.015,Bulb
226.28,0.085,11.97,13.34,11.05,0.452,0.672,1e-05,0.012,Bulb
228.56,0.086,21.81,23.3,20.92,0.975,0.988,2e-05,0.0218,Bulb
226.61,0.034,10.61,11.43,9.64,0.326,0.571,1e-05,0.0106,Bulb
225.8,0.076,15.34,17.16,14.67,0.538,0.734,1e-05,0.0153,Bulb
233.66,0.081,19.44,20.2,18.65,0.287,0.535,1e-05,0.0194,Bulb
234.29,0.056,15.79,17.27,14.31,0.889,0.943,2e-05,0.0158,Bulb
229.25,0.046,15.11,15.8,14.38,0.265,0.515,1e-05,0.0151,Bulb
227.89,0.068,16.14,16.87,15.6,0.161,0.401,0.0,0.0161,Bulb
226.34,0.031,8.89,11.29,6.49,2.211,1.487,4e-05,0.0089,Bulb
227.55,0.042,17.54,19.89,16.03,1.412,1.188,3e-05,0.0175,Bulb
234.3,0.063,19.63,21.61,17.4,2.116,1.455,4e-05,0.0196,Bulb
234.38,0.043,10.54,11.16,10.14,0.082,0.286,0.0,0.0105,Bulb
232.95,0.049,10.82,11.41,10.16,0.17,0.413,0.0,0.0108,Bulb
231.65,0.061,15.32,16.88,14.53,0.444,0.666,1e-05,0.0153,Bulb
228.77,0.089,14.48,15.76,13.71,0.35,0.592,1e-05,0.0145,Bulb
227.32,0.073,20.59,21.93,19.4,0.489,0.699,1e-05,0.0206,Bulb
234.4,0.077,16.79,17.67,15.78,0.404,0.635,1e-05,0.0168,Bulb
231.2,0.045,15.47,18.5,14.17,1.855,1.362,3e-05,0.0155,Bulb
232.44,0.02,8.47,10.53,6.89,0.885,0.941,2e-05,0.0085,Bulb
228.42,0.111,19.5,20.29,19.18,0.118,0.344,0.0,0.0195,Bulb
226.5,0.041,11.21,13.64,9.57,1.297,1.139,3e-05,0.0112,Bulb
231.94,0.071,15.6,16.47,15.08,0.278,0.527,1e-05,0.0156,Bulb
229.01,0.08,14.47,16.47,12.48,2.049,1.431,4e-05,0.0145,Bulb
230.06,0.108,16.56,17.08,16.17,0.05,0.224,0.0,0.0166,Bulb
234.22,0.088,17.9,18.68,17.34,0.159,0.398,0.0,0.0179,Bulb
229.24,0.131,18.31,21.71,16.54,2.001,1.415,4e-05,0.0183,Bulb
228.99,0.049,8.77,10.19,8.26,0.404,0.636,1e-05,0.0088,Bulb
228.33,0.085,13.57,15.73,12.54,0.808,0.899,2e-05,0.0136,Bulb
229.52,0.032,11.14,12.23,10.37,0.621,0.788,1e-05,0.0111,Bulb
229.98,0.04,13.86,16.19,11.95,1.93,1.389,4e-05,0.0139,Bulb
234.61,0.053,10.08,11.05,8.75,0.546,0.739,1e-05,0.0101,Bulb
230.02,0.069,16.34,16.96,16.05,0.082,0.287,0.0,0.0163,Bulb
226.91,0.041,8.51,10.09,7.81,0.662,0.814,1e-05,0.0085,Bulb
232.76,0.038,14.35,15.91,13.29,0.777,0.882,1e-05,0.0143,Bulb
226.82,0.093,20.06,22.47,18.53,2.045,1.43,4e-05,0.0201,Bulb
231.44,0.058,13.72,14.05,13.37,0.054,0.233,0.0,0.0137,Bulb
227.22,0.05,11.24,12.55,10.26,1.152,1.073,2e-05,0.0112,Bulb
233.0,0.061,10.5,12.08,9.56,1.099,1.049,2e-05,0.0105,Bulb
233.56,0.065,19.62,21.1,18.9,0.513,0.716,1e-05,0.0196,Bulb
227.93,0.057,20.55,20.83,20.33,0.047,0.217,0.0,0.0205,Bulb
233.93,0.118,19.44,20.43,18.68,0.415,0.644,1e-05,0.0194,Bulb
230.9,0.016,11.75,13.5,10.39,1.023,1.011,2e-05,0.0118,Bulb
234.48,0.069,18.69,19.58,18.2,0.146,0.382,0.0,0.0187,Bulb
233.95,0.125,19.2,20.12,18.39,0.567,0.753,1e-05,0.0192,Bulb
227.58,0.057,9.95,13.14,8.25,1.652,1.285,3e-05,0.01,Bulb
226.72,0.02,11.81,12.35,11.61,0.05,0.224,0.0,0.0118,Bulb
230.54,0.085,17.12,19.0,16.08,1.635,1.279,3e-05,0.0171,Bulb
226.37,0.071,20.6,23.24,18.73,1.785,1.336,3e-05,0.0206,Bulb
234.14,0.069,13.86,15.17,13.27,0.487,0.698,1e-05,0.0139,Bulb
226.66,0.05,18.33,18.94,18.01,0.095,0.308,0.0,0.0183,Bulb
228.56,0.063,18.07,19.2,17.32,0.344,0.586,1e-05,0.0181,Bulb
231.64,0.103,21.12,22.82,20.16,1.328,1.152,2e-05,0.0211,Bulb
225.51,0.036,14.95,16.54,13.42,0.952,0.976,2e-05,0.0149,Bulb
226.07,0.01,9.05,11.17,7.35,1.315,1.147,3e-05,0.0091,Bulb
233.19,0.074,19.19,20.91,17.66,1.217,1.103,2e-05,0.0192,Bulb
228.61,0.014,9.28,11.2,6.84,1.939,1.393,4e-05,0.0093,Bulb
230.42,0.083,20.22,22.81,18.54,1.327,1.152,2e-05,0.0202,Bulb
231.92,0.102,19.89,20.85,19.35,0.275,0.525,1e-05,0.0199,Bulb
225.34,0.082,17.76,19.17,16.73,0.344,0.587,1e-05,0.0178,Bulb
234.44,0.034,14.64,17.67,13.16,1.744,1.321,3e-05,0.0146,Bulb
226.21,0.05,9.08,10.89,7.39,1.221,1.105,2e-05,0.0091,Bulb
225.65,0.072,12.41,14.42,11.41,0.812,0.901,2e-05,0.0124,Bulb
231.16,0.054,11.26,11.8,11.07,0.054,0.232,0.0,0.0113,Bulb
233.75,0.09,15.41,18.59,12.85,2.019,1.421,4e-05,0.0154,Bulb
229.02,0.051,14.72,17.09,12.91,1.032,1.016,2e-05,0.0147,Bulb
232.68,0.054,13.85,15.46,13.07,0.559,0.748,1e-05,0.0138,Bulb
227.87,0.037,12.15,12.78,11.74,0.254,0.504,0.0,0.0121,Bulb
234.88,0.056,13.99,15.45,13.28,0.489,0.7,1e-05,0.014,Bulb
233.79,0.074,21.23,22.84,20.45,0.652,0.808,1e-05,0.0212,Bulb
234.91,0.016,11.24,14.16,9.24,2.032,1.426,4e-05,0.0112,Bulb
226.77,0.05,11.09,12.07,10.58,0.196,0.442,0.0,0.0111,Bulb
225.58,0.088,21.57,24.81,19.15,1.82,1.349,4e-05,0.0216,Bulb
232.58,0.053,17.74,18.65,17.33,0.16,0.4,0.0,0.0177,Bulb
227.24,0.061,15.52,17.41,14.65,0.942,0.971,2e-05,0.0155,Bulb
226.3,0.102,20.44,23.79,18.12,2.08,1.442,4e-05,0.0204,Bulb
231.55,0.086,15.71,16.25,15.34,0.098,0.313,0.0,0.0157,Bulb
229.96,0.021,9.13,10.15,8.71,0.236,0.486,0.0,0.0091,Bulb
233.51,0.09,14.93,16.56,13.59,0.68,0.825,1e-05,0.0149,Bulb
230.66,0.028,11.74,14.74,9.78,1.802,1.342,3e-05,0.0117,Bulb
233.51,0.106,20.14,22.71,18.46,1.256,1.121,2e-05,0.0201,Bulb
232.53,0.075,10.22,13.36,9.11,1.809,1.345,3e-05,0.0102,Bulb
233.26,0.05,9.8,11.18,9.19,0.404,0.636,1e-05,0.0098,Bulb
230.07,0.043,8.09,9.24,7.07,0.329,0.573,1e-05,0.0081,Bulb
231.32,0.056,11.64,13.59,10.02,1.049,1.024,2e-05,0.0116,Bulb
230.41,0.085,21.48,22.79,20.37,0.415,0.644,1e-05,0.0215,Bulb
226.03,0.086,21.12,22.53,19.92,1.197,1.094,2e-05,0.0211,Bulb
230.82,0.059,12.84,14.11,11.16,1.014,1.007,2e-05,0.0128,Bulb
234.73,0.089,21.56,23.17,19.73,1.38,1.175,3e-05,0.0216,Bulb
232.7,0.035,17.57,18.78,16.16,0.608,0.78,1e-05,0.0176,Bulb
229.26,0.085,14.32,15.24,13.7,0.17,0.413,0.0,0.0143,Bulb
227.73,0.12,21.31,22.01,20.62,0.157,0.396,0.0,0.0213,Bulb
229.2,0.092,16.94,18.06,15.66,0.514,0.717,1e-05,0.0169,Bulb
227.3,0.044,10.98,11.48,10.7,0.058,0.24,0.0,0.011,Bulb
233.64,0.077,14.62,16.73,12.19,2.128,1.459,4e-05,0.0146,Bulb
233.45,0.094,18.65,20.04,17.81,1.028,1.014,2e-05,0.0187,Bulb
234.21,0.079,16.63,18.89,15.5,1.526,1.235,3e-05,0.0166,Bulb
229.3,0.032,10.81,11.88,9.65,0.704,0.839,1e-05,0.0108,Bulb
227.69,0.081,19.17,20.25,18.68,0.364,0.603,1e-05,0.0192,Bulb
229.8,0.058,16.4,17.62,15.44,0.335,0.579,1e-05,0.0164,Bulb
232.8,0.085,8.55,9.66,7.7,0.68,0.825,1e-05,0.0086,Bulb
232.02,0.068,15.84,16.18,15.55,0.045,0.213,0.0,0.0158,Bulb
225.88,0.061,12.91,13.23,12.62,0.059,0.243,0.0,0.0129,Bulb
231.89,0.062,19.21,19.86,18.79,0.212,0.46,0.0,0.0192,Bulb
231.36,0.114,17.89,18.47,17.69,0.058,0.241,0.0,0.0179,Bulb
233.71,0.084,18.0,20.04,15.99,1.543,1.242,3e-05,0.018,Bulb
225.8,0.099,20.53,22.59,19.39,0.832,0.912,2e-05,0.0205,Bulb
232.32,0.083,9.14,9.57,8.88,0.078,0.278,0.0,0.0091,Bulb
233.72,0.06,11.07,13.47,9.63,2.157,1.469,4e-05,0.0111,Bulb
229.98,0.091,15.78,17.47,13.74,1.288,1.135,2e-05,0.0158,Bulb
234.75,0.095,17.1,18.06,16.7,0.211,0.459,0.0,0.0171,Bulb
232.27,0.077,18.4,19.64,17.52,0.567,0.753,1e-05,0.0184,Bulb
234.88,0.034,8.56,11.15,6.92,1.761,1.327,3e-05,0.0086,Bulb
233.73,0.124,20.61,21.78,19.57,0.56,0.748,1e-05,0.0206,Bulb
234.12,0.055,10.95,12.99,9.4,1.02,1.01,2e-05,0.0109,Bulb
234.09,0.031,10.52,11.77,10.02,0.259,0.509,0.0,0.0105,Bulb
233.54,0.019,14.89,16.11,14.24,0.272,0.521,0.0,0.0149,Bulb
230.93,0.049,10.29,12.03,9.54,0.502,0.708,1e-05,0.0103,Bulb
231.57,0.023,12.55,14.2,10.42,1.453,1.206,3e-05,0.0126,Bulb
225.73,0.041,10.38,11.81,8.95,0.767,0.876,2e-05,0.0104,Bulb
229.31,0.067,11.48,13.61,10.51,1.005,1.002,2e-05,0.0115,Bulb
229.75,0.111,19.82,22.26,17.74,1.556,1.247,3e-05,0.0198,Bulb
227.06,0.04,9.57,10.27,8.83,0.303,0.551,1e-05,0.0096,Bulb
234.34,0.032,12.43,13.5,11.61,0.739,0.859,1e-05,0.0124,Bulb
234.87,0.089,21.51,22.01,21.21,0.043,0.206,0.0,0.0215,Bulb
230.16,0.086,14.84,16.32,13.96,1.138,1.067,2e-05,0.0148,Bulb
228.08,0.084,17.87,18.83,17.05,0.214,0.462,0.0,0.0179,Bulb
229.44,0.075,20.15,21.06,19.45,0.185,0.43,0.0,0.0202,Bulb
234.45,0.066,17.57,19.26,16.15,0.716,0.846,1e-05,0.0176,Bulb
234.31,0.077,17.65,19.25,16.08,1.165,1.079,2e-05,0.0177,Bulb
228.94,0.095,17.12,17.81,16.51,0.115,0.339,0.0,0.0171,Bulb
232.82,0.063,15.94,18.65,14.54,1.346,1.16,2e-05,0.0159,Bulb
228.27,0.102,17.35,20.09,15.35,1.563,1.25,3e-05,0.0173,Bulb
226.2,0.064,15.62,15.96,15.38,0.043,0.207,0.0,0.0156,Bulb
228.96,0.052,17.74,18.99,17.0,0.497,0.705,1e-05,0.0177,Bulb
225.73,0.061,16.45,18.59,15.1,1.142,1.069,2e-05,0.0164,Bulb
228.8,0.065,20.09,21.68,19.36,0.765,0.875,1e-05,0.0201,Bulb
228.99,0.04,16.12,17.9,14.72,0.799,0.894,2e-05,0.0161,Bulb
233.13,0.072,18.05,19.82,16.62,2.08,1.442,4e-05,0.0181,Bulb
234.27,0.046,8.84,11.19,7.57,2.002,1.415,4e-05,0.0088,Bulb
229.86,0.012,11.59,12.51,10.68,0.325,0.57,1e-05,0.0116,Bulb
231.1,0.086,18.03,18.99,17.52,0.307,0.554,1e-05,0.018,Bulb
226.81,0.081,17.54,18.36,16.88,0.19,0.436,0.0,0.0175,Bulb
227.57,0.076,21.48,23.34,20.36,0.687,0.829,1e-05,0.0215,Bulb
225.43,0.069,16.86,19.71,14.54,2.064,1.437,4e-05,0.0169,Bulb
227.12,0.081,16.55,18.24,15.31,0.539,0.734,1e-05,0.0166,Bulb
228.53,0.086,11.32,13.21,9.35,1.475,1.215,3e-05,0.0113,Bulb
225.96,0.057,16.73,18.28,15.97,0.62,0.787,1e-05,0.0167,Bulb
232.37,0.111,20.08,20.72,19.68,0.232,0.482,0.0,0.0201,Bulb
230.47,0.081,11.25,12.64,10.33,0.502,0.708,1e-05,0.0112,Bulb
234.88,0.062,9.91,11.81,8.55,1.218,1.104,2e-05,0.0099,Bulb
234.91,0.064,9.8,10.52,9.34,0.112,0.335,0.0,0.0098,Bulb
227.74,0.018,9.11,9.85,8.8,0.097,0.311,0.0,0.0091,Bulb
228.55,0.025,8.97,10.1,7.57,0.765,0.875,1e-05,0.009,Bulb
227.34,0.045,15.56,18.31,13.77,1.807,1.344,3e-05,0.0156,Bulb
231.69,0.07,21.92,23.96,20.29,1.124,1.06,2e-05,0.0219,Bulb
229.65,0.019,8.84,11.12,7.93,0.867,0.931,2e-05,0.0088,Bulb
230.36,0.053,9.35,11.07,8.45,0.617,0.785,1e-05,0.0094,Bulb
231.65,0.084,19.14,21.25,17.45,1.975,1.405,4e-05,0.0191,Bulb
233.42,0.081,15.29,16.62,13.72,1.021,1.011,2e-05,0.0153,Bulb
226.28,0.065,19.56,22.15,18.55,1.48,1.217,3e-05,0.0196,Bulb
228.6,0.023,9.23,11.95,7.66,2.011,1.418,4e-05,0.0092,Bulb
228.97,0.067,14.26,16.1,12.57,0.962,0.981,2e-05,0.0143,Bulb
233.51,0.047,10.92,12.82,8.64,1.987,1.41,4e-05,0.0109,Bulb
228.81,0.079,20.29,23.28,18.18,1.765,1.328,3e-05,0.0203,Bulb
229.03,0.041,10.43,12.25,8.47,1.218,1.103,2e-05,0.0104,Bulb
231.41,0.134,19.51,20.38,18.87,0.139,0.372,0.0,0.0195,Bulb
232.65,0.039,10.45,11.91,9.64,0.728,0.853,1e-05,0.0104,Bulb
228.68,0.049,8.95,9.28,8.54,0.055,0.234,0.0,0.009,Bulb
229.32,0.055,12.37,13.89,11.59,0.736,0.858,1e-05,0.0124,Bulb
231.41,0.034,11.02,13.08,10.07,1.011,1.005,2e-05,0.011,Bulb
234.95,0.036,8.81,11.54,7.66,1.218,1.104,2e-05,0.0088,Bulb
226.42,0.043,9.7,10.49,8.81,0.353,0.594,1e-05,0.0097,Bulb
234.97,0.068,19.4,20.99,17.97,1.0,1.0,2e-05,0.0194,Bulb
230.27,0.051,13.97,14.84,13.5,0.137,0.37,0.0,0.014,Bulb
229.14,0.062,19.59,22.12,18.65,1.331,1.154,3e-05,0.0196,Bulb
229.16,0.066,14.74,15.08,14.39,0.051,0.225,0.0,0.0147,Bulb
227.15,0.014,8.17,9.44,7.35,0.264,0.514,1e-05,0.0082,Bulb
234.6,0.039,14.83,15.49,14.4,0.117,0.343,0.0,0.0148,Bulb
228.25,0.079,18.32,19.71,17.34,0.67,0.819,1e-05,0.0183,Bulb
229.59,0.106,18.99,22.31,16.83,1.849,1.36,4e-05,0.019,Bulb
229.38,0.028,11.57,13.18,9.36,1.672,1.293,3e-05,0.0116,Bulb
229.61,0.061,16.92,19.42,15.4,1.118,1.057,2e-05,0.0169,Bulb
230.18,0.047,10.1,12.26,8.39,1.343,1.159,3e-05,0.0101,Bulb
225.42,0.025,9.19,10.65,8.2,1.28,1.131,3e-05,0.0092,Bulb
227.97,0.083,12.9,15.38,11.71,1.457,1.207,3e-05,0.0129,Bulb
226.74,0.054,9.38,11.7,8.25,1.12,1.058,2e-05,0.0094,Bulb
228.82,0.074,10.88,11.6,10.32,0.128,0.358,0.0,0.0109,Bulb
231.44,0.096,15.42,16.05,15.02,0.065,0.255,0.0,0.0154,Bulb
232.48,0.119,19.36,20.8,18.17,1.11,1.053,2e-05,0.0194,Bulb
234.28,0.059,11.14,12.35,10.3,0.468,0.684,1e-05,0.0111,Bulb
227.41,0.046,9.7,10.78,9.04,0.209,0.457,0.0,0.0097,Bulb
227.86,0.102,19.42,22.46,17.15,1.742,1.32,3e-05,0.0194,Bulb
229.61,0.07,19.79,22.32,18.12,1.316,1.147,2e-05,0.0198,Bulb
226.77,0.067,15.63,19.21,14.38,2.191,1.48,4e-05,0.0156,Bulb
232.26,0.082,19.45,20.34,18.67,0.228,0.478,0.0,0.0194,Bulb
232.33,0.103,15.59,17.39,14.53,0.936,0.967,2e-05,0.0156,Bulb
233.73,0.085,16.91,18.58,15.41,1.415,1.189,3e-05,0.0169,Bulb
225.09,0.077,11.45,14.3,10.42,1.31,1.144,3e-05,0.0115,Bulb
227.04,0.061,15.77,18.08,14.63,1.329,1.153,3e-05,0.0158,Bulb
228.55,0.054,18.97,20.08,17.54,0.847,0.92,2e-05,0.019,Bulb
226.49,0.032,12.28,15.62,10.71,1.795,1.34,3e-05,0.0123,Bulb
229.49,0.113,18.11,20.77,16.5,1.828,1.352,3e-05,0.0181,Bulb
225.03,0.059,16.67,18.15,16.08,0.438,0.662,1e-05,0.0167,Bulb
230.88,0.101,14.73,16.06,13.31,1.071,1.035,2e-05,0.0147,Bulb
231.03,0.113,17.47,19.4,15.44,1.554,1.246,3e-05,0.0175,Bulb
229.98,0.058,9.08,9.53,8.64,0.076,0.276,0.0,0.0091,Bulb
230.17,0.075,14.16,14.8,13.68,0.153,0.392,0.0,0.0142,Bulb
225.89,0.053,11.09,13.2,9.33,0.956,0.978,2e-05,0.0111,Bulb
229.21,0.085,16.91,18.56,15.43,1.492,1.221,3e-05,0.0169,Bulb
233.4,0.029,13.37,15.23,12.44,0.89,0.943,2e-05,0.0134,Bulb
225.26,0.014,8.34,10.33,6.65,1.641,1.281,3e-05,0.0083,Bulb
227.99,0.085,21.17,22.11,20.27,0.288,0.537,1e-05,0.0212,Bulb
233.03,0.07,14.41,15.55,13.69,0.685,0.828,1e-05,0.0144,Bulb
232.28,0.071,14.95,16.6,13.75,0.59,0.768,1e-05,0.015,Bulb
226.35,0.06,18.52,21.09,17.6,1.111,1.054,2e-05,0.0185,Bulb
225.57,0.036,11.95,12.77,11.03,0.292,0.54,1e-05,0.012,Bulb
232.59,0.043,14.3,15.85,12.74,1.463,1.21,3e-05,0.0143,Bulb
225.34,0.01,8.88,10.78,7.04,1.9,1.378,4e-05,0.0089,Bulb
234.0,0.015,8.31,10.91,6.86,1.13,1.063,2e-05,0.0083,Bulb
234.37,0.015,8.73,9.88,7.59,0.554,0.744,1e-05,0.0087,Bulb
230.65,0.074,14.5,17.41,12.81,2.142,1.464,4e-05,0.0145,Bulb
226.14,0.065,10.12,10.87,9.3,0.243,0.493,0.0,0.0101,Bulb
226.15,0.142,20.04,21.51,18.32,1.299,1.14,3e-05,0.02,Bulb
230.44,0.031,9.14,10.6,8.38,0.633,0.796,1e-05,0.0091,Bulb
229.12,0.115,17.11,18.28,15.92,0.826,0.909,2e-05,0.0171,Bulb
233.06,0.048,14.43,15.02,14.16,0.072,0.268,0.0,0.0144,Bulb
228.3,0.071,18.59,19.88,17.13,0.766,0.875,1e-05,0.0186,Bulb
233.8,0.085,20.19,21.1,19.28,0.261,0.51,0.0,0.0202,Bulb
234.09,0.052,15.54,16.67,14.31,0.718,0.847,1e-05,0.0155,Bulb
233.22,0.021,13.33,16.29,12.11,1.46,1.208,3e-05,0.0133,Bulb
232.93,0.073,16.09,18.38,14.86,1.051,1.025,2e-05,0.0161,Bulb
234.15,0.083,15.46,16.32,14.82,0.164,0.405,0.0,0.0155,Bulb
234.06,0.042,11.88,13.92,10.4,2.186,1.479,4e-05,0.0119,Bulb
226.84,0.076,20.52,21.98,19.21,1.104,1.051,2e-05,0.0205,Bulb
233.82,0.086,19.25,21.36,18.21,0.734,0.857,1e-05,0.0193,Bulb
234.84,0.05,17.35,18.8,15.63,1.051,1.025,2e-05,0.0174,Bulb
225.13,0.065,15.84,17.73,14.34,0.784,0.886,2e-05,0.0158,Bulb
225.79,0.117,18.24,19.27,17.52,0.197,0.444,0.0,0.0182,Bulb
228.14,0.071,14.6,16.88,13.13,1.608,1.268,3e-05,0.0146,Bulb
229.94,0.074,19.6,20.5,18.63,0.404,0.636,1e-05,0.0196,Bulb
228.48,0.054,14.3,16.71,12.64,1.377,1.173,3e-05,0.0143,Bulb
228.52,0.094,19.78,21.79,18.61,0.66,0.813,1e-05,0.0198,Bulb
228.25,0.061,17.61,18.02,17.13,0.084,0.291,0.0,0.0176,Bulb
227.27,0.048,19.72,20.86,18.88,0.317,0.563,1e-05,0.0197,Bulb
227.13,0.04,8.46,9.68,7.43,0.354,0.595,1e-05,0.0085,Bulb
233.71,0.086,18.72,21.25,17.43,1.501,1.225,3e-05,0.0187,Bulb
230.6,0.054,9.55,10.96,8.25,0.61,0.781,1e-05,0.0096,Bulb
230.47,0.053,13.33,15.3,11.53,2.16,1.47,4e-05,0.0133,Bulb
233.58,0.06,12.09,15.11,9.87,1.915,1.384,4e-05,0.0121,Bulb
225.18,0.109,21.48,23.31,19.61,1.31,1.145,3e-05,0.0215,Bulb
226.13,0.071,17.85,19.05,16.91,0.815,0.903,2e-05,0.0179,Bulb
225.12,0.086,14.56,15.73,13.91,0.35,0.592,1e-05,0.0146,Bulb
225.48,0.074,20.64,23.35,18.82,1.711,1.308,3e-05,0.0206,Bulb
233.92,0.047,10.59,11.05,10.11,0.092,0.303,0.0,0.0106,Bulb
234.95,0.076,19.98,21.11,18.55,0.771,0.878,1e-05,0.02,Bulb
230.99,0.055,9.61,10.38,9.14,0.104,0.322,0.0,0.0096,Bulb
229.3,0.108,12.44,14.12,11.36,0.585,0.765,1e-05,0.0124,Bulb
233.93,0.04,14.21,16.21,12.83,0.979,0.989,2e-05,0.0142,Bulb
230.12,0.057,9.46,10.74,8.44,0.49,0.7,1e-05,0.0095,Bulb
234.51,0.068,16.41,18.58,14.74,1.361,1.167,2e-05,0.0164,Bulb
228.62,0.06,14.61,14.97,14.34,0.067,0.259,0.0,0.0146,Bulb
234.72,0.036,12.64,13.84,11.47,0.683,0.827,1e-05,0.0126,Bulb
230.17,0.022,8.08,8.39,7.9,0.044,0.21,0.0,0.0081,Bulb
226.08,0.064,12.74,15.16,11.11,1.546,1.243,3e-05,0.0127,Bulb
228.97,0.037,9.22,10.57,8.07,1.004,1.002,2e-05,0.0092,Bulb
230.07,0.08,20.24,22.02,18.73,0.708,0.842,1e-05,0.0202,Bulb
228.95,0.048,13.91,15.65,12.79,0.539,0.734,1e-05,0.0139,Bulb
231.08,0.056,12.33,15.43,10.27,1.615,1.271,3e-05,0.0123,Bulb
231.87,0.029,9.6,10.86,8.79,0.489,0.699,1e-05,0.0096,Bulb
226.21,0.072,13.87,15.39,12.83,1.384,1.177,3e-05,0.0139,Bulb
231.69,0.072,17.5,18.82,16.96,0.45,0.67,1e-05,0.0175,Bulb
231.36,0.091,20.79,23.11,19.27,0.993,0.996,2e-05,0.0208,Bulb
226.42,0.021,8.16,9.35,7.2,0.56,0.749,1e-05,0.0082,Bulb
230.77,0.054,8.61,9.31,8.2,0.13,0.36,0.0,0.0086,Bulb
233.46,0.102,17.69,19.27,16.88,0.576,0.759,1e-05,0.0177,Bulb
228.06,0.047,19.05,20.79,17.78,0.609,0.78,1e-05,0.019,Bulb
230.82,0.043,13.2,15.27,11.74,0.963,0.981,2e-05,0.0132,Bulb
228.75,0.026,10.34,11.39,9.05,0.577,0.76,1e-05,0.0103,Bulb
225.25,0.067,17.04,18.73,16.15,1.057,1.028,2e-05,0.017,Bulb
229.1,0.092,12.36,14.5,11.1,1.167,1.08,2e-05,0.0124,Bulb
226.41,0.056,14.8,15.24,14.38,0.056,0.236,0.0,0.0148,Bulb
228.84,0.01,8.55,8.96,8.32,0.058,0.24,0.0,0.0085,Bulb
234.0,0.034,9.63,11.95,7.19,2.081,1.443,4e-05,0.0096,Bulb
231.03,0.054,19.57,21.9,16.97,2.188,1.479,4e-05,0.0196,Bulb
228.4,0.038,15.58,16.35,15.04,0.16,0.4,0.0,0.0156,Bulb
232.62,0.059,19.67,20.9,18.85,0.597,0.773,1e-05,0.0197,Bulb
234.66,0.05,15.81,17.08,15.2,0.424,0.651,1e-05,0.0158,Bulb
229.44,0.079,16.77,18.21,15.27,0.698,0.836,1e-05,0.0168,Bulb
230.69,0.09,16.69,17.48,16.3,0.213,0.462,0.0,0.0167,Bulb
229.76,0.073,15.6,16.82,14.75,0.246,0.496,0.0,0.0156,Bulb
233.7,0.077,9.83,11.5,7.87,1.507,1.228,3e-05,0.0098,Bulb
227.76,0.089,20.28,22.27,18.48,2.037,1.427,4e-05,0.0203,Bulb
233.64,0.077,16.24,17.32,15.55,0.473,0.688,1e-05,0.0162,Bulb
232.62,0.082,13.41,15.0,12.22,0.748,0.865,1e-05,0.0134,Bulb
232.65,0.062,16.03,18.14,14.72,2.082,1.443,4e-05,0.016,Bulb
233.54,0.058,14.15,17.22,13.03,1.693,1.301,3e-05,0.0141,Bulb
230.1,0.093,16.77,18.49,14.98,1.972,1.404,4e-05,0.0168,Bulb
231.88,0.437,96.08,104.49,89.35,37.41,6.116,0.0007,0.0961,Fan
227.79,0.314,74.06,82.91,60.92,53.414,7.309,0.00103,0.0741,Fan
231.77,0.444,100.62,105.9,93.97,18.712,4.326,0.00035,0.1006,Fan
226.43,0.444,97.4,110.68,87.28,41.734,6.46,0.00081,0.0974,Fan
233.46,0.359,91.38,97.62,88.4,11.551,3.399,0.00021,0.0914,Fan
225.66,0.322,80.0,87.88,73.88,12.246,3.499,0.00024,0.08,Fan
225.72,0.499,106.07,114.58,101.38,28.64,5.352,0.00056,0.1061,Fan
232.07,0.289,67.16,72.9,63.51,11.076,3.328,0.00021,0.0672,Fan
227.32,0.334,77.08,93.01,69.11,43.767,6.616,0.00085,0.0771,Fan
229.76,0.338,74.72,89.26,66.46,34.6,5.882,0.00066,0.0747,Fan
228.58,0.45,92.86,101.22,88.23,12.625,3.553,0.00024,0.0929,Fan
231.25,0.269,68.09,77.28,58.89,36.866,6.072,0.00069,0.0681,Fan
233.23,0.412,99.57,109.86,94.4,30.099,5.486,0.00055,0.0996,Fan
229.97,0.354,77.22,84.49,74.15,12.976,3.602,0.00025,0.0772,Fan
232.49,0.357,78.66,84.25,76.12,9.004,3.001,0.00017,0.0787,Fan
225.63,0.427,101.09,105.68,96.44,9.103,3.017,0.00018,0.1011,Fan
228.16,0.325,69.38,76.55,61.79,21.354,4.621,0.00041,0.0694,Fan
233.92,0.344,83.65,95.65,71.14,50.335,7.095,0.00092,0.0837,Fan
225.89,0.429,94.54,103.44,87.06,27.271,5.222,0.00053,0.0945,Fan
231.66,0.444,106.54,122.19,96.89,41.276,6.425,0.00077,0.1065,Fan
227.98,0.313,69.53,82.81,64.0,42.487,6.518,0.00082,0.0695,Fan
230.0,0.361,83.61,91.05,77.69,25.6,5.06,0.00048,0.0836,Fan
228.7,0.286,67.25,78.49,56.78,41.655,6.454,0.0008,0.0673,Fan
231.57,0.378,85.31,95.61,75.02,48.451,6.961,0.0009,0.0853,Fan
231.08,0.358,77.7,85.1,72.14,13.066,3.615,0.00024,0.0777,Fan
228.95,0.39,95.67,104.85,91.43,15.182,3.896,0.00029,0.0957,Fan
228.68,0.265,67.5,74.05,63.76,12.263,3.502,0.00023,0.0675,Fan
225.19,0.29,70.35,79.3,64.49,23.633,4.861,0.00047,0.0703,Fan
230.31,0.434,90.59,96.08,85.22,9.27,3.045,0.00017,0.0906,Fan
228.12,0.435,98.28,110.45,86.78,41.966,6.478,0.00081,0.0983,Fan
226.26,0.31,65.73,80.27,59.78,41.805,6.466,0.00082,0.0657,Fan
230.18,0.333,79.97,85.58,74.83,21.835,4.673,0.00041,0.08,Fan
231.46,0.475,106.89,115.27,95.32,46.4,6.812,0.00087,0.1069,Fan
229.58,0.371,82.11,87.72,77.63,19.037,4.363,0.00036,0.0821,Fan
227.47,0.388,85.82,97.37,80.36,40.494,6.363,0.00078,0.0858,Fan
225.76,0.359,80.72,86.56,76.95,16.114,4.014,0.00032,0.0807,Fan
231.22,0.4,98.6,106.39,89.57,31.386,5.602,0.00059,0.0986,Fan
231.74,0.36,76.18,87.07,71.21,20.733,4.553,0.00039,0.0762,Fan
229.7,0.428,103.28,111.2,97.42,38.251,6.185,0.00072,0.1033,Fan
234.58,0.371,87.78,95.34,81.73,16.716,4.089,0.0003,0.0878,Fan
225.76,0.329,76.81,88.73,67.88,43.975,6.631,0.00086,0.0768,Fan
226.66,0.37,84.16,89.14,77.68,15.534,3.941,0.0003,0.0842,Fan
234.81,0.423,99.11,109.47,87.06,46.813,6.842,0.00085,0.0991,Fan
227.6,0.375,83.79,91.13,75.72,32.161,5.671,0.00062,0.0838,Fan
234.81,0.312,73.17,88.81,61.72,43.121,6.567,0.00078,0.0732,Fan
234.77,0.427,97.56,104.35,91.9,13.894,3.728,0.00025,0.0976,Fan
227.47,0.407,92.55,101.02,84.36,35.996,6.0,0.0007,0.0925,Fan
225.12,0.322,65.39,76.46,60.65,21.221,4.607,0.00042,0.0654,Fan
231.34,0.319,74.55,84.79,67.75,19.78,4.448,0.00037,0.0745,Fan
225.29,0.363,85.68,93.78,79.17,35.772,5.981,0.0007,0.0857,Fan
228.98,0.43,104.54,113.94,92.88,55.796,7.47,0.00106,0.1045,Fan
232.54,0.417,104.49,118.69,96.07,52.986,7.279,0.00098,0.1045,Fan
232.88,0.311,75.79,85.02,67.73,30.673,5.538,0.00057,0.0758,Fan
234.18,0.284,69.38,77.22,64.95,27.845,5.277,0.00051,0.0694,Fan
225.36,0.291,72.53,83.35,60.46,47.616,6.9,0.00094,0.0725,Fan
230.8,0.418,87.22,97.27,79.82,41.146,6.414,0.00077,0.0872,Fan
233.94,0.445,105.7,117.94,94.61,49.231,7.017,0.0009,0.1057,Fan
227.05,0.329,90.42,96.68,84.07,14.727,3.838,0.00029,0.0904,Fan
227.07,0.325,68.06,76.08,63.73,10.96,3.311,0.00021,0.0681,Fan
233.36,0.332,79.28,92.77,70.38,37.47,6.121,0.00069,0.0793,Fan
226.52,0.467,102.66,111.17,96.01,29.441,5.426,0.00057,0.1027,Fan
225.55,0.423,106.84,113.25,102.41,16.141,4.018,0.00032,0.1068,Fan
227.3,0.311,65.06,80.5,58.63,39.464,6.282,0.00076,0.0651,Fan
233.48,0.373,83.17,90.25,76.57,19.037,4.363,0.00035,0.0832,Fan
233.17,0.341,72.81,83.89,65.31,21.802,4.669,0.0004,0.0728,Fan
231.61,0.261,68.37,79.94,63.1,29.705,5.45,0.00055,0.0684,Fan
232.81,0.355,90.1,99.25,82.34,53.071,7.285,0.00098,0.0901,Fan
232.14,0.436,97.64,104.1,93.11,11.981,3.461,0.00022,0.0976,Fan
228.69,0.476,105.12,119.28,94.93,45.209,6.724,0.00086,0.1051,Fan
231.95,0.414,96.35,107.05,85.29,47.302,6.878,0.00088,0.0963,Fan
226.95,0.373,79.85,91.0,72.38,20.342,4.51,0.00039,0.0798,Fan
230.62,0.477,105.72,114.59,100.69,27.386,5.233,0.00051,0.1057,Fan
232.86,0.414,96.58,102.41,88.83,22.369,4.73,0.00041,0.0966,Fan
227.35,0.428,95.31,108.07,83.51,44.583,6.677,0.00086,0.0953,Fan
225.52,0.389,86.71,101.18,80.6,38.851,6.233,0.00076,0.0867,Fan
228.97,0.336,70.66,80.35,63.01,47.525,6.894,0.00091,0.0707,Fan
227.9,0.472,102.47,115.95,96.14,36.327,6.027,0.0007,0.1025,Fan
233.33,0.484,103.96,110.3,101.36,9.331,3.055,0.00017,0.104,Fan
230.49,0.36,77.37,84.63,71.14,19.189,4.38,0.00036,0.0774,Fan
229.05,0.279,67.94,78.2,59.89,42.601,6.527,0.00081,0.0679,Fan
231.85,0.37,79.3,84.78,73.62,10.593,3.255,0.0002,0.0793,Fan
231.32,0.341,73.56,84.18,69.16,23.839,4.883,0.00045,0.0736,Fan
227.78,0.311,76.88,89.12,72.59,24.444,4.944,0.00047,0.0769,Fan
234.71,0.299,69.87,80.27,62.63,23.196,4.816,0.00042,0.0699,Fan
229.23,0.314,79.9,87.29,75.09,22.937,4.789,0.00044,0.0799,Fan
227.87,0.407,93.24,107.84,86.79,54.146,7.358,0.00104,0.0932,Fan
225.76,0.499,105.91,111.64,99.84,18.817,4.338,0.00037,0.1059,Fan
227.67,0.313,65.65,76.86,54.81,53.913,7.343,0.00104,0.0656,Fan
232.07,0.389,91.23,98.07,85.07,19.431,4.408,0.00036,0.0912,Fan
230.88,0.418,95.15,105.64,90.21,36.73,6.061,0.00069,0.0951,Fan
230.83,0.321,75.88,88.17,69.86,25.262,5.026,0.00047,0.0759,Fan
231.72,0.47,107.01,111.2,102.74,11.961,3.459,0.00022,0.107,Fan
225.93,0.464,97.18,109.73,89.65,50.63,7.115,0.00099,0.0972,Fan
225.09,0.392,90.35,102.03,84.34,33.175,5.76,0.00065,0.0903,Fan
232.14,0.283,68.93,78.05,62.93,15.184,3.897,0.00028,0.0689,Fan
227.48,0.28,67.69,78.59,60.56,25.657,5.065,0.0005,0.0677,Fan
231.73,0.268,68.49,85.16,56.8,53.023,7.282,0.00099,0.0685,Fan
231.17,0.424,96.94,108.81,91.45,39.95,6.321,0.00075,0.0969,Fan
228.71,0.474,104.59,115.29,98.58,31.697,5.63,0.00061,0.1046,Fan
231.66,0.421,98.86,109.04,93.57,25.448,5.045,0.00047,0.0989,Fan
232.05,0.35,83.39,93.59,74.72,24.915,4.991,0.00046,0.0834,Fan
225.22,0.311,77.94,84.64,71.15,27.687,5.262,0.00055,0.0779,Fan
234.27,0.283,69.53,80.69,60.16,41.473,6.44,0.00076,0.0695,Fan
226.6,0.29,68.03,75.95,61.58,14.71,3.835,0.00029,0.068,Fan
233.14,0.407,94.46,99.97,90.58,12.229,3.497,0.00022,0.0945,Fan
230.36,0.316,80.35,90.8,73.05,21.087,4.592,0.0004,0.0803,Fan
228.08,0.471,104.29,116.13,95.88,53.11,7.288,0.00102,0.1043,Fan
233.76,0.297,69.41,78.56,63.2,22.727,4.767,0.00042,0.0694,Fan
226.94,0.441,101.93,115.77,91.9,36.557,6.046,0.00071,0.1019,Fan
231.11,0.343,71.9,80.54,62.89,36.378,6.031,0.00068,0.0719,Fan
227.3,0.31,70.05,74.56,64.37,14.016,3.744,0.00027,0.0701,Fan
226.61,0.338,68.59,72.96,63.37,9.524,3.086,0.00019,0.0686,Fan
227.42,0.324,80.23,85.41,75.65,12.069,3.474,0.00023,0.0802,Fan
225.58,0.375,81.81,87.84,74.68,16.434,4.054,0.00032,0.0818,Fan
231.16,0.406,88.95,97.51,82.41,23.727,4.871,0.00044,0.0889,Fan
226.72,0.403,86.5,97.82,79.56,23.559,4.854,0.00046,0.0865,Fan
230.33,0.312,69.96,77.7,63.45,32.78,5.725,0.00062,0.07,Fan
227.06,0.344,81.85,92.15,72.66,49.428,7.031,0.00096,0.0818,Fan
229.19,0.328,65.78,74.25,57.41,43.131,6.567,0.00082,0.0658,Fan
231.89,0.346,75.89,82.41,71.82,9.271,3.045,0.00017,0.0759,Fan
233.36,0.425,100.32,112.76,92.62,46.172,6.795,0.00085,0.1003,Fan
226.83,0.477,101.76,114.36,95.66,48.602,6.972,0.00094,0.1018,Fan
228.88,0.429,99.55,109.89,93.43,49.815,7.058,0.00095,0.0996,Fan
230.42,0.482,106.63,113.37,103.74,10.887,3.3,0.00021,0.1066,Fan
228.75,0.414,99.56,111.92,92.84,24.509,4.951,0.00047,0.0996,Fan
228.51,0.341,81.02,86.58,76.84,10.951,3.309,0.00021,0.081,Fan
232.23,0.397,93.24,100.73,86.94,38.309,6.189,0.00071,0.0932,Fan
225.05,0.485,99.59,111.98,93.98,41.96,6.478,0.00083,0.0996,Fan
232.67,0.364,90.1,104.29,79.65,42.495,6.519,0.00079,0.0901,Fan
231.71,0.397,91.68,100.69,85.37,40.197,6.34,0.00075,0.0917,Fan
233.9,0.431,97.25,112.74,87.35,50.226,7.087,0.00092,0.0972,Fan
230.79,0.406,92.19,98.92,86.58,13.721,3.704,0.00026,0.0922,Fan
227.71,0.341,73.7,80.38,69.22,19.468,4.412,0.00038,0.0737,Fan
230.07,0.315,73.08,80.12,69.12,11.198,3.346,0.00021,0.0731,Fan
233.22,0.402,93.36,103.59,83.53,43.337,6.583,0.0008,0.0934,Fan
231.36,0.34,78.95,85.06,72.66,17.748,4.213,0.00033,0.079,Fan
227.19,0.413,90.6,99.23,83.83,17.563,4.191,0.00034,0.0906,Fan
226.88,0.318,68.8,79.12,61.23,37.764,6.145,0.00073,0.0688,Fan
225.31,0.327,76.16,83.55,72.87,9.932,3.152,0.0002,0.0762,Fan
231.67,0.342,78.89,95.47,70.97,49.571,7.041,0.00092,0.0789,Fan
234.01,0.447,107.83,123.27,100.79,45.083,6.714,0.00082,0.1078,Fan
225.95,0.48,107.95,117.66,100.77,19.98,4.47,0.00039,0.108,Fan
233.58,0.486,107.9,113.02,102.95,16.701,4.087,0.00031,0.1079,Fan
230.66,0.328,78.45,87.38,73.61,35.338,5.945,0.00066,0.0784,Fan
232.64,0.416,91.82,99.86,81.29,41.35,6.43,0.00076,0.0918,Fan
231.25,0.482,102.17,113.2,92.07,31.823,5.641,0.0006,0.1022,Fan
232.57,0.375,84.02,94.57,77.66,38.233,6.183,0.00071,0.084,Fan
234.29,0.343,79.7,87.63,70.05,28.886,5.375,0.00053,0.0797,Fan
234.81,0.394,92.93,107.03,83.71,43.823,6.62,0.00079,0.0929,Fan
231.75,0.393,94.13,105.48,89.61,21.894,4.679,0.00041,0.0941,Fan
230.0,0.42,94.71,107.25,88.11,37.664,6.137,0.00071,0.0947,Fan
230.99,0.294,72.71,83.77,63.65,38.107,6.173,0.00071,0.0727,Fan
233.37,0.327,72.3,79.13,67.95,9.524,3.086,0.00017,0.0723,Fan
233.03,0.466,106.32,116.25,99.82,29.287,5.412,0.00054,0.1063,Fan
226.54,0.361,89.62,99.8,83.75,18.033,4.247,0.00035,0.0896,Fan
225.52,0.317,66.36,72.79,59.46,24.059,4.905,0.00047,0.0664,Fan
233.81,0.437,102.97,111.76,93.04,35.59,5.966,0.00065,0.103,Fan
232.37,0.337,77.32,93.83,71.83,43.717,6.612,0.00081,0.0773,Fan
233.97,0.389,91.77,105.09,79.62,54.468,7.38,0.00099,0.0918,Fan
225.67,0.464,106.94,122.35,95.34,44.574,6.676,0.00088,0.1069,Fan
225.85,0.327,81.58,86.47,78.16,11.02,3.32,0.00022,0.0816,Fan
226.01,0.315,72.2,81.23,66.49,13.416,3.663,0.00026,0.0722,Fan
234.68,0.337,83.91,93.43,79.12,18.085,4.253,0.00033,0.0839,Fan
226.3,0.321,76.03,85.58,72.06,21.15,4.599,0.00041,0.076,Fan
227.11,0.401,99.79,105.81,93.69,13.404,3.661,0.00026,0.0998,Fan
230.63,0.429,99.56,106.63,94.84,13.084,3.617,0.00025,0.0996,Fan
226.44,0.368,91.83,99.59,88.1,17.905,4.231,0.00035,0.0918,Fan
233.22,0.281,67.45,76.22,60.0,23.851,4.884,0.00044,0.0675,Fan
230.74,0.431,93.69,108.77,86.45,42.207,6.497,0.00079,0.0937,Fan
234.89,0.442,103.25,110.04,97.23,21.824,4.672,0.0004,0.1032,Fan
232.42,0.365,86.18,98.03,80.17,26.774,5.174,0.0005,0.0862,Fan
228.28,0.391,84.52,93.29,78.11,41.358,6.431,0.00079,0.0845,Fan
234.51,0.285,72.55,83.4,65.38,30.856,5.555,0.00056,0.0725,Fan
230.53,0.365,81.0,89.27,72.81,35.731,5.978,0.00067,0.081,Fan
226.85,0.347,76.98,82.71,70.5,15.874,3.984,0.00031,0.077,Fan
234.7,0.378,89.56,95.71,83.74,13.275,3.644,0.00024,0.0896,Fan
228.67,0.311,68.74,81.4,59.96,30.311,5.506,0.00058,0.0687,Fan
227.21,0.308,74.38,84.95,67.01,48.071,6.933,0.00093,0.0744,Fan
225.01,0.452,102.44,115.67,92.26,43.121,6.567,0.00085,0.1024,Fan
228.51,0.278,69.03,81.47,64.67,26.911,5.188,0.00052,0.069,Fan
227.91,0.356,73.92,83.62,68.76,16.578,4.072,0.00032,0.0739,Fan
226.54,0.375,85.95,95.7,77.07,24.354,4.935,0.00047,0.086,Fan
232.69,0.341,82.11,91.67,76.52,45.212,6.724,0.00083,0.0821,Fan
230.11,0.375,91.45,104.67,82.21,50.378,7.098,0.00095,0.0915,Fan
225.5,0.264,66.5,76.2,57.52,30.033,5.48,0.00059,0.0665,Fan
225.5,0.42,96.16,103.13,92.37,12.265,3.502,0.00024,0.0962,Fan
226.73,0.365,81.33,92.62,71.08,43.646,6.607,0.00085,0.0813,Fan
227.37,0.405,94.13,107.48,87.54,30.758,5.546,0.00059,0.0941,Fan
225.66,0.278,65.82,78.47,55.24,45.17,6.721,0.00089,0.0658,Fan
225.3,0.448,106.34,120.84,99.95,36.065,6.005,0.00071,0.1063,Fan
231.11,0.414,94.18,104.37,86.44,19.616,4.429,0.00037,0.0942,Fan
227.77,0.349,77.11,86.01,65.99,53.804,7.335,0.00104,0.0771,Fan
232.06,0.393,91.78,103.75,83.28,55.584,7.455,0.00103,0.0918,Fan
227.61,0.334,79.77,96.09,73.11,45.638,6.756,0.00088,0.0798,Fan
228.73,0.437,104.93,109.26,101.77,10.746,3.278,0.00021,0.1049,Fan
234.68,0.365,84.21,92.2,77.53,27.634,5.257,0.0005,0.0842,Fan
231.62,0.431,97.3,109.77,86.41,40.863,6.392,0.00076,0.0973,Fan
225.56,0.303,65.3,73.46,60.5,15.65,3.956,0.00031,0.0653,Fan
229.02,0.428,103.04,119.78,95.21,49.421,7.03,0.00094,0.103,Fan
226.91,0.34,72.94,80.92,65.54,20.607,4.539,0.0004,0.0729,Fan
226.2,0.443,96.6,105.09,89.63,29.069,5.392,0.00057,0.0966,Fan
229.34,0.282,72.07,78.8,66.07,12.423,3.525,0.00024,0.0721,Fan
228.44,0.461,96.52,110.9,86.85,35.569,5.964,0.00068,0.0965,Fan
233.98,0.367,82.18,87.61,74.91,19.986,4.471,0.00037,0.0822,Fan
233.01,0.301,69.49,79.58,64.35,31.314,5.596,0.00058,0.0695,Fan
232.39,0.272,66.4,77.68,61.01,35.572,5.964,0.00066,0.0664,Fan
226.73,0.393,89.42,99.91,82.41,18.78,4.334,0.00037,0.0894,Fan
228.48,0.303,67.17,73.96,63.09,10.481,3.237,0.0002,0.0672,Fan
227.27,0.411,91.4,99.47,86.6,17.122,4.138,0.00033,0.0914,Fan
229.77,0.357,80.09,90.49,74.86,21.451,4.632,0.00041,0.0801,Fan
227.09,0.291,68.64,77.96,60.27,26.011,5.1,0.0005,0.0686,Fan
233.08,0.405,100.42,108.92,95.2,22.38,4.731,0.00041,0.1004,Fan
234.33,0.299,70.1,85.15,60.51,51.867,7.202,0.00094,0.0701,Fan
229.08,0.304,71.93,86.59,63.82,35.448,5.954,0.00068,0.0719,Fan
232.15,0.296,67.94,74.54,61.05,23.81,4.88,0.00044,0.0679,Fan
225.77,0.365,80.25,89.7,71.3,30.008,5.478,0.00059,0.0803,Fan
233.15,0.37,91.31,98.48,87.07,21.908,4.681,0.0004,0.0913,Fan
231.76,0.367,93.3,98.98,90.05,10.992,3.315,0.0002,0.0933,Fan
226.57,0.447,100.57,106.14,97.49,10.167,3.189,0.0002,0.1006,Fan
227.31,0.401,86.6,101.99,80.18,39.585,6.292,0.00077,0.0866,Fan
233.86,0.479,105.18,119.61,94.99,50.75,7.124,0.00093,0.1052,Fan
230.31,0.397,94.13,104.73,86.12,24.286,4.928,0.00046,0.0941,Fan
226.46,0.46,100.82,113.3,94.13,29.499,5.431,0.00058,0.1008,Fan
227.51,0.441,101.3,110.98,95.56,26.813,5.178,0.00052,0.1013,Fan
230.73,0.372,78.98,83.92,76.42,10.092,3.177,0.00019,0.079,Fan
228.46,0.397,93.86,109.96,85.91,43.883,6.624,0.00084,0.0939,Fan
232.83,0.354,76.43,85.63,65.97,55.599,7.456,0.00103,0.0764,Fan
226.2,0.488,105.36,113.02,101.45,14.557,3.815,0.00028,0.1054,Fan
228.07,0.418,88.5,95.37,83.76,23.789,4.877,0.00046,0.0885,Fan
233.98,0.284,68.62,74.96,64.72,22.743,4.769,0.00042,0.0686,Fan
231.62,0.385,90.91,96.52,87.83,13.94,3.734,0.00026,0.0909,Fan
233.68,0.438,104.84,111.03,100.73,23.896,4.888,0.00044,0.1048,Fan
230.74,0.341,81.89,88.02,79.36,9.79,3.129,0.00018,0.0819,Fan
225.4,0.421,90.3,102.11,83.86,22.94,4.79,0.00045,0.0903,Fan
227.75,0.407,95.51,105.53,90.55,17.823,4.222,0.00034,0.0955,Fan
229.26,0.441,100.79,110.67,93.99,43.896,6.625,0.00084,0.1008,Fan
233.17,0.464,105.01,111.13,101.11,11.759,3.429,0.00022,0.105,Fan
225.51,0.367,86.18,94.34,80.22,24.895,4.989,0.00049,0.0862,Fan
230.3,0.309,71.94,84.46,63.24,31.069,5.574,0.00059,0.0719,Fan
227.68,0.35,80.53,90.61,76.38,23.407,4.838,0.00045,0.0805,Fan
225.35,0.374,81.85,90.76,73.01,37.666,6.137,0.00074,0.0819,Fan
233.96,0.326,77.78,84.78,73.58,16.281,4.035,0.0003,0.0778,Fan
231.72,0.443,100.52,114.22,93.3,36.348,6.029,0.00068,0.1005,Fan
228.6,0.397,93.86,99.37,86.3,17.791,4.218,0.00034,0.0939,Fan
226.56,0.496,107.5,124.01,96.71,54.727,7.398,0.00107,0.1075,Fan
227.89,0.378,85.11,95.15,78.01,33.492,5.787,0.00064,0.0851,Fan
228.3,0.41,89.26,99.24,77.42,46.616,6.828,0.00089,0.0893,Fan
230.56,0.438,98.52,105.48,95.94,9.443,3.073,0.00018,0.0985,Fan
233.9,0.472,107.65,114.02,100.89,18.691,4.323,0.00034,0.1077,Fan
226.03,0.304,70.42,85.79,58.22,54.852,7.406,0.00107,0.0704,Fan
228.24,0.378,94.09,105.35,85.68,32.195,5.674,0.00062,0.0941,Fan
227.76,0.467,98.05,106.49,93.9,16.146,4.018,0.00031,0.098,Fan
231.25,0.441,97.12,102.22,93.42,15.874,3.984,0.0003,0.0971,Fan
225.45,0.435,96.57,104.83,88.73,20.575,4.536,0.0004,0.0966,Fan
228.32,0.374,85.01,89.01,81.77,9.373,3.062,0.00018,0.085,Fan
229.26,0.381,88.57,94.57,83.03,14.333,3.786,0.00027,0.0886,Fan
234.65,0.271,67.17,80.83,57.61,49.094,7.007,0.00089,0.0672,Fan
225.9,0.402,90.84,101.69,85.37,20.56,4.534,0.0004,0.0908,Fan
226.43,0.425,95.73,103.87,89.26,18.663,4.32,0.00036,0.0957,Fan
231.76,0.41,94.22,105.72,88.41,52.659,7.257,0.00098,0.0942,Fan
227.72,0.35,74.37,86.47,66.04,35.74,5.978,0.00069,0.0744,Fan
230.57,0.321,79.74,84.51,73.85,13.0,3.606,0.00024,0.0797,Fan
234.18,0.389,92.94,98.91,87.64,12.009,3.465,0.00022,0.0929,Fan
225.0,0.431,95.62,102.67,91.88,21.203,4.605,0.00042,0.0956,Fan
230.4,0.443,101.6,115.75,91.99,53.426,7.309,0.00101,0.1016,Fan
228.8,0.381,91.11,98.29,86.86,22.556,4.749,0.00043,0.0911,Fan
228.15,0.324,69.16,78.58,64.43,14.41,3.796,0.00028,0.0692,Fan
234.96,0.385,90.06,100.87,82.7,44.304,6.656,0.0008,0.0901,Fan
229.03,0.392,93.92,103.69,88.25,36.843,6.07,0.0007,0.0939,Fan
230.78,0.417,94.82,108.23,84.52,37.856,6.153,0.00071,0.0948,Fan
230.0,0.41,96.4,104.75,91.62,33.481,5.786,0.00063,0.0964,Fan
231.17,0.405,101.55,106.84,94.7,15.079,3.883,0.00028,0.1015,Fan
226.08,0.402,85.58,96.3,80.58,31.754,5.635,0.00062,0.0856,Fan
227.34,0.452,92.42,100.81,83.74,44.76,6.69,0.00087,0.0924,Fan
231.89,0.334,75.85,84.61,68.4,19.228,4.385,0.00036,0.0758,Fan
232.3,0.373,80.69,91.31,74.86,34.626,5.884,0.00064,0.0807,Fan
232.02,0.376,88.93,99.93,85.14,21.287,4.614,0.0004,0.0889,Fan
232.67,0.406,95.19,104.52,89.82,20.17,4.491,0.00037,0.0952,Fan
232.56,0.368,84.53,96.26,79.43,23.574,4.855,0.00044,0.0845,Fan
234.69,0.327,81.25,86.63,76.96,10.753,3.279,0.0002,0.0812,Fan
226.62,0.393,93.3,106.68,84.65,56.098,7.49,0.00109,0.0933,Fan
233.83,0.349,82.84,92.6,76.95,22.494,4.743,0.00041,0.0828,Fan
231.48,0.341,67.64,83.78,57.99,44.379,6.662,0.00083,0.0676,Fan
230.82,0.346,82.26,88.43,76.87,20.443,4.521,0.00038,0.0823,Fan
226.63,0.446,96.58,101.61,91.25,15.522,3.94,0.0003,0.0966,Fan
230.77,0.351,79.86,92.44,74.04,43.739,6.614,0.00082,0.0799,Fan
230.66,0.447,104.04,111.63,99.53,22.881,4.783,0.00043,0.104,Fan
230.96,0.273,68.47,84.24,58.44,52.245,7.228,0.00098,0.0685,Fan
233.28,0.279,68.45,78.84,60.07,26.479,5.146,0.00049,0.0684,Fan
234.41,0.318,70.35,87.43,63.57,48.137,6.938,0.00088,0.0703,Fan
232.22,0.291,66.73,75.76,60.07,23.275,4.824,0.00043,0.0667,Fan
229.81,0.444,99.82,108.76,86.84,52.961,7.277,0.001,0.0998,Fan
225.86,0.418,100.02,105.86,94.73,18.16,4.262,0.00036,0.1,Fan
225.55,0.433,90.78,102.77,83.6,49.855,7.061,0.00098,0.0908,Fan
229.43,0.315,67.08,82.3,57.79,44.785,6.692,0.00085,0.0671,Fan
230.55,0.425,100.52,113.48,92.35,34.124,5.842,0.00064,0.1005,Fan
229.14,0.485,106.19,116.99,100.65,29.539,5.435,0.00056,0.1062,Fan
226.85,0.337,67.56,80.1,59.99,32.714,5.72,0.00064,0.0676,Fan
227.27,0.402,93.66,99.62,90.42,11.293,3.36,0.00022,0.0937,Fan
228.87,0.283,67.2,76.13,61.05,22.945,4.79,0.00044,0.0672,Fan
228.83,0.444,101.08,107.87,97.93,13.351,3.654,0.00025,0.1011,Fan
230.66,0.431,102.76,116.24,98.08,30.365,5.51,0.00057,0.1028,Fan
225.98,0.286,66.89,74.19,61.35,14.698,3.834,0.00029,0.0669,Fan
225.77,0.337,72.31,77.16,67.6,12.754,3.571,0.00025,0.0723,Fan
227.46,0.347,80.4,95.97,67.37,55.544,7.453,0.00107,0.0804,Fan
230.55,0.276,68.3,74.55,63.95,9.113,3.019,0.00017,0.0683,Fan
229.11,0.378,86.05,92.05,80.53,23.712,4.869,0.00045,0.0861,Fan
232.29,0.348,78.56,85.75,74.28,22.745,4.769,0.00042,0.0786,Fan
226.79,0.42,99.29,110.85,91.58,36.59,6.049,0.00071,0.0993,Fan
232.82,0.436,107.68,117.22,101.02,16.671,4.083,0.00031,0.1077,Fan
227.25,0.35,82.17,94.14,77.42,23.46,4.844,0.00045,0.0822,Fan
232.31,0.379,83.06,95.85,74.07,31.389,5.603,0.00058,0.0831,Fan
233.66,0.245,67.56,76.01,60.13,37.384,6.114,0.00068,0.0676,Fan
230.2,0.491,107.85,115.35,103.53,13.021,3.608,0.00025,0.1079,Fan
226.33,0.345,71.83,88.87,59.41,52.878,7.272,0.00103,0.0718,Fan
229.84,0.338,82.99,92.08,76.65,21.253,4.61,0.0004,0.083,Fan
226.61,0.4,85.28,95.94,79.74,30.147,5.491,0.00059,0.0853,Fan
230.64,0.318,76.23,88.1,66.45,37.544,6.127,0.00071,0.0762,Fan
232.35,0.429,91.23,98.37,85.72,27.007,5.197,0.0005,0.0912,Fan
230.14,0.307,77.39,82.98,74.1,9.175,3.029,0.00017,0.0774,Fan
232.35,0.266,66.03,79.68,60.54,31.716,5.632,0.00059,0.066,Fan
231.26,0.382,88.67,97.75,80.47,23.359,4.833,0.00044,0.0887,Fan
226.96,0.316,65.97,79.38,54.34,47.3,6.877,0.00092,0.066,Fan
229.3,0.432,97.24,111.06,90.27,50.533,7.109,0.00096,0.0972,Fan
227.69,0.292,73.54,80.11,67.97,16.899,4.111,0.00033,0.0735,Fan
231.15,0.334,68.51,73.34,64.03,11.526,3.395,0.00022,0.0685,Fan
227.14,0.367,77.18,88.01,73.27,23.054,4.801,0.00045,0.0772,Fan
232.99,0.475,105.11,109.43,99.9,9.552,3.091,0.00018,0.1051,Fan
229.59,0.402,89.28,101.74,78.92,35.804,5.984,0.00068,0.0893,Fan
225.49,0.325,74.94,85.73,67.75,49.537,7.038,0.00097,0.0749,Fan
226.38,0.466,101.94,112.85,96.49,27.565,5.25,0.00054,0.1019,Fan
228.13,0.378,82.66,92.4,76.96,15.552,3.944,0.0003,0.0827,Fan
234.35,0.331,78.05,92.36,68.32,42.491,6.519,0.00077,0.078,Fan
226.31,0.423,93.88,106.12,87.56,39.462,6.282,0.00077,0.0939,Fan
230.04,0.331,78.42,88.46,70.82,24.242,4.924,0.00046,0.0784,Fan
227.69,0.295,73.54,89.08,65.91,42.579,6.525,0.00082,0.0735,Fan
232.51,0.415,103.57,113.36,91.61,46.343,6.808,0.00086,0.1036,Fan
225.62,0.358,85.91,91.22,82.01,12.184,3.491,0.00024,0.0859,Fan
233.09,0.429,102.65,112.75,95.42,19.019,4.361,0.00035,0.1026,Fan
231.9,0.464,105.64,115.54,97.74,36.862,6.071,0.00069,0.1056,Fan
231.46,0.373,86.95,92.64,81.28,12.53,3.54,0.00023,0.087,Fan
231.62,0.427,97.33,113.49,89.92,44.272,6.654,0.00083,0.0973,Fan
233.59,0.314,70.66,84.02,61.54,38.102,6.173,0.0007,0.0707,Fan
226.69,0.29,67.31,78.63,57.03,38.795,6.229,0.00075,0.0673,Fan
228.83,0.317,72.24,85.18,65.55,45.752,6.764,0.00087,0.0722,Fan
231.04,0.403,84.82,100.15,74.66,45.282,6.729,0.00085,0.0848,Fan
226.05,0.454,101.07,113.75,94.07,36.235,6.02,0.00071,0.1011,Fan
226.13,0.377,82.53,91.35,70.22,48.842,6.989,0.00096,0.0825,Fan
231.79,0.417,92.15,98.57,84.8,17.787,4.218,0.00033,0.0921,Fan
228.93,0.295,70.99,76.8,65.57,9.292,3.048,0.00018,0.071,Fan
228.69,0.352,80.36,88.9,74.72,20.688,4.548,0.0004,0.0804,Fan
230.08,0.329,70.95,82.27,64.47,55.091,7.422,0.00104,0.0709,Fan
231.63,0.401,90.6,99.11,82.88,23.699,4.868,0.00044,0.0906,Fan
231.49,0.349,83.02,90.78,75.16,25.615,5.061,0.00048,0.083,Fan
230.13,0.338,78.8,92.97,71.78,32.288,5.682,0.00061,0.0788,Fan
225.55,0.34,73.78,81.04,69.87,23.855,4.884,0.00047,0.0738,Fan
234.15,0.436,101.29,110.28,95.45,40.2,6.34,0.00073,0.1013,Fan
234.29,0.351,83.51,90.11,79.45,12.504,3.536,0.00023,0.0835,Fan
228.75,0.399,91.72,100.09,86.51,38.866,6.234,0.00074,0.0917,Fan
233.02,0.333,79.67,90.06,73.13,24.988,4.999,0.00046,0.0797,Fan
233.61,0.437,102.24,108.97,98.4,9.27,3.045,0.00017,0.1022,Fan
234.87,0.421,97.45,105.27,90.07,16.964,4.119,0.00031,0.0974,Fan
233.58,0.268,69.19,79.38,64.2,38.176,6.179,0.0007,0.0692,Fan
233.19,0.331,79.51,87.58,72.06,45.21,6.724,0.00083,0.0795,Fan
227.41,0.317,75.04,79.82,70.56,10.935,3.307,0.00021,0.075,Fan
228.77,0.415,102.66,115.69,94.67,50.039,7.074,0.00096,0.1027,Fan
226.07,0.45,106.0,111.19,102.4,10.7,3.271,0.00021,0.106,Fan
232.83,0.292,70.27,78.24,65.17,34.305,5.857,0.00063,0.0703,Fan
234.09,0.309,73.18,85.95,67.3,44.831,6.696,0.00082,0.0732,Fan
233.54,0.285,65.57,77.24,56.37,28.122,5.303,0.00052,0.0656,Fan
234.09,0.411,100.24,110.45,92.66,48.956,6.997,0.00089,0.1002,Fan
228.93,0.357,88.42,96.22,84.82,13.834,3.719,0.00026,0.0884,Fan
228.1,0.383,86.64,100.87,77.13,43.349,6.584,0.00083,0.0866,Fan
225.87,0.336,81.23,87.31,76.01,23.628,4.861,0.00046,0.0812,Fan
234.56,0.463,106.01,111.77,101.52,21.027,4.585,0.00038,0.106,Fan
226.41,0.429,97.83,106.47,93.71,12.174,3.489,0.00024,0.0978,Fan
232.75,0.348,79.73,88.17,74.22,33.925,5.825,0.00063,0.0797,Fan
233.08,0.309,67.97,75.21,61.5,20.309,4.507,0.00037,0.068,Fan
228.56,0.307,71.39,84.22,64.67,32.309,5.684,0.00062,0.0714,Fan
227.37,0.336,77.9,89.57,69.08,34.722,5.893,0.00067,0.0779,Fan
228.63,0.433,100.43,107.52,94.16,15.354,3.918,0.00029,0.1004,Fan
231.84,0.301,66.09,75.93,60.87,37.274,6.105,0.00069,0.0661,Fan
231.1,0.315,75.35,81.54,70.86,22.474,4.741,0.00042,0.0754,Fan
234.11,0.273,65.26,72.3,59.53,26.805,5.177,0.00049,0.0653,Fan
234.26,0.327,71.95,82.73,60.63,53.967,7.346,0.00098,0.072,Fan
230.54,0.384,87.99,93.48,81.33,15.051,3.88,0.00028,0.088,Fan
228.28,0.367,81.0,91.53,69.75,41.206,6.419,0.00079,0.081,Fan
233.81,0.317,67.13,74.63,62.86,17.279,4.157,0.00032,0.0671,Fan
232.44,0.438,104.53,112.6,95.88,24.078,4.907,0.00045,0.1045,Fan
228.52,0.398,104.11,116.29,95.15,30.917,5.56,0.00059,0.1041,Fan
228.42,0.369,83.65,95.05,72.78,46.487,6.818,0.00089,0.0836,Fan
232.42,0.44,99.62,111.28,93.83,46.276,6.803,0.00086,0.0996,Fan
229.02,0.388,93.97,104.9,88.16,25.266,5.027,0.00048,0.094,Fan
232.49,0.39,88.46,94.65,82.4,15.353,3.918,0.00028,0.0885,Fan
229.83,0.306,74.29,89.95,61.37,54.062,7.353,0.00102,0.0743,Fan
233.98,0.323,87.58,97.02,79.87,38.226,6.183,0.0007,0.0876,Fan
226.23,0.342,73.86,77.62,68.52,9.025,3.004,0.00018,0.0739,Fan
233.39,0.356,88.68,96.6,83.51,13.61,3.689,0.00025,0.0887,Fan
232.31,0.411,98.1,112.48,89.66,54.602,7.389,0.00101,0.0981,Fan
233.97,0.304,70.13,80.25,63.88,20.028,4.475,0.00037,0.0701,Fan
228.94,0.259,58.94,79.78,37.75,161.06,12.691,0.00307,0.0589,Laptop
233.48,0.2,47.27,59.83,33.9,78.732,8.873,0.00144,0.0473,Laptop
230.35,0.297,65.41,75.4,59.72,45.811,6.768,0.00086,0.0654,Laptop
233.58,0.248,66.68,88.43,53.13,79.541,8.919,0.00146,0.0667,Laptop
234.3,0.253,61.1,70.4,49.92,53.731,7.33,0.00098,0.0611,Laptop
230.32,0.258,62.58,77.31,50.3,108.269,10.405,0.00204,0.0626,Laptop
231.17,0.315,78.79,106.5,60.75,133.372,11.549,0.0025,0.0788,Laptop
231.67,0.288,64.94,84.08,51.09,108.623,10.422,0.00202,0.0649,Laptop
228.34,0.264,60.77,76.0,54.09,45.941,6.778,0.00088,0.0608,Laptop
231.58,0.232,57.51,71.93,48.92,56.112,7.491,0.00105,0.0575,Laptop
234.33,0.328,76.91,92.39,62.27,90.656,9.521,0.00165,0.0769,Laptop
228.36,0.325,76.82,86.62,68.95,26.092,5.108,0.0005,0.0768,Laptop
229.85,0.187,43.42,69.18,23.97,189.122,13.752,0.00358,0.0434,Laptop
229.29,0.156,43.0,56.63,36.8,35.467,5.955,0.00067,0.043,Laptop
226.95,0.289,60.2,75.46,43.79,142.056,11.919,0.00276,0.0602,Laptop
227.62,0.246,56.87,66.43,49.49,28.722,5.359,0.00055,0.0569,Laptop
230.71,0.235,53.3,63.79,44.15,61.462,7.84,0.00115,0.0533,Laptop
234.66,0.329,78.8,104.13,59.61,163.473,12.786,0.00297,0.0788,Laptop
227.85,0.267,65.23,81.85,51.05,82.825,9.101,0.0016,0.0652,Laptop
234.25,0.157,42.25,64.61,29.03,87.81,9.371,0.0016,0.0422,Laptop
230.46,0.198,49.99,68.66,38.99,65.44,8.089,0.00123,0.05,Laptop
225.16,0.35,78.55,95.2,71.16,70.44,8.393,0.00139,0.0785,Laptop
231.83,0.323,77.3,91.19,63.24,103.653,10.181,0.00193,0.0773,Laptop
233.8,0.311,65.95,92.27,53.75,171.433,13.093,0.00314,0.0659,Laptop
228.1,0.192,48.07,76.92,28.61,173.698,13.179,0.00334,0.0481,Laptop
232.56,0.242,58.97,73.04,53.06,49.451,7.032,0.00091,0.059,Laptop
228.26,0.252,58.74,74.45,52.35,40.089,6.332,0.00077,0.0587,Laptop
232.69,0.238,57.02,69.4,48.6,101.783,10.089,0.00188,0.057,Laptop
229.46,0.313,72.67,89.69,55.31,168.147,12.967,0.00319,0.0727,Laptop
233.3,0.21,45.35,74.56,21.98,180.057,13.419,0.00331,0.0453,Laptop
231.77,0.256,54.54,75.48,39.32,180.731,13.444,0.00336,0.0545,Laptop
234.29,0.221,48.19,74.51,37.67,148.401,12.182,0.0027,0.0482,Laptop
228.87,0.248,51.31,70.49,40.14,59.914,7.74,0.00114,0.0513,Laptop
229.35,0.316,74.78,90.9,68.03,43.903,6.626,0.00083,0.0748,Laptop
228.26,0.291,70.25,87.26,59.61,72.996,8.544,0.0014,0.0702,Laptop
225.58,0.245,52.0,65.14,41.29,85.91,9.269,0.00169,0.052,Laptop
229.0,0.218,42.3,66.38,32.54,105.058,10.25,0.002,0.0423,Laptop
229.19,0.317,68.04,84.19,61.02,75.631,8.697,0.00144,0.068,Laptop
231.92,0.288,66.45,75.43,56.94,28.576,5.346,0.00053,0.0665,Laptop
234.1,0.239,68.69,91.6,51.65,104.83,10.239,0.00191,0.0687,Laptop
229.57,0.242,59.0,79.82,46.32,71.816,8.474,0.00136,0.059,Laptop
230.5,0.245,56.69,75.59,35.71,166.403,12.9,0.00313,0.0567,Laptop
230.58,0.206,42.18,67.84,27.19,188.969,13.747,0.00355,0.0422,Laptop
228.05,0.207,47.71,57.49,37.97,37.966,6.162,0.00073,0.0477,Laptop
229.72,0.187,49.1,59.7,37.8,42.194,6.496,0.0008,0.0491,Laptop
233.91,0.249,58.41,86.64,48.73,129.665,11.387,0.00237,0.0584,Laptop
225.97,0.303,68.82,79.67,62.49,56.798,7.536,0.00111,0.0688,Laptop
231.06,0.225,57.13,68.77,52.88,27.499,5.244,0.00052,0.0571,Laptop
232.62,0.343,75.73,92.6,64.37,79.131,8.896,0.00146,0.0757,Laptop
233.94,0.223,53.43,78.77,34.87,110.999,10.536,0.00203,0.0534,Laptop
230.09,0.22,58.11,76.48,51.03,56.374,7.508,0.00106,0.0581,Laptop
227.79,0.259,56.2,73.99,36.91,195.696,13.989,0.00377,0.0562,Laptop
225.83,0.193,46.18,62.87,36.7,80.211,8.956,0.00157,0.0462,Laptop
228.03,0.34,78.66,100.74,60.15,182.314,13.502,0.00351,0.0787,Laptop
234.1,0.166,40.25,70.16,29.29,151.195,12.296,0.00276,0.0402,Laptop
227.58,0.255,58.0,82.19,37.82,126.252,11.236,0.00244,0.058,Laptop
227.88,0.32,61.53,78.46,52.03,96.038,9.8,0.00185,0.0615,Laptop
227.27,0.271,61.75,82.79,41.6,126.669,11.255,0.00245,0.0618,Laptop
231.11,0.22,54.84,71.83,40.68,142.787,11.949,0.00267,0.0548,Laptop
232.82,0.217,59.37,83.05,45.5,147.528,12.146,0.00272,0.0594,Laptop
233.1,0.154,49.53,62.56,42.09,49.273,7.019,0.00091,0.0495,Laptop
234.67,0.28,62.85,80.49,45.36,163.095,12.771,0.00296,0.0628,Laptop
233.68,0.226,63.32,82.62,53.09,131.38,11.462,0.00241,0.0633,Laptop
233.67,0.195,49.76,83.27,35.41,187.707,13.701,0.00344,0.0498,Laptop
228.48,0.371,75.82,100.16,60.47,187.679,13.7,0.0036,0.0758,Laptop
227.73,0.31,69.46,76.37,62.98,29.865,5.465,0.00058,0.0695,Laptop
228.53,0.204,52.63,67.86,43.28,88.721,9.419,0.0017,0.0526,Laptop
230.77,0.301,79.33,94.3,68.46,51.472,7.174,0.00097,0.0793,Laptop
231.07,0.172,43.54,57.78,28.06,123.029,11.092,0.0023,0.0435,Laptop
233.42,0.19,41.21,63.86,28.4,158.617,12.594,0.00291,0.0412,Laptop
226.34,0.361,78.13,86.38,71.64,31.968,5.654,0.00062,0.0781,Laptop
226.26,0.272,51.59,62.15,42.93,51.105,7.149,0.001,0.0516,Laptop
232.04,0.187,48.7,62.88,33.95,68.892,8.3,0.00128,0.0487,Laptop
230.06,0.291,71.11,100.36,56.35,161.923,12.725,0.00306,0.0711,Laptop
231.87,0.192,52.51,64.23,48.02,30.782,5.548,0.00057,0.0525,Laptop
231.93,0.286,70.65,88.1,62.19,59.859,7.737,0.00111,0.0706,Laptop
229.46,0.323,69.08,96.99,57.56,126.254,11.236,0.0024,0.0691,Laptop
234.15,0.23,46.25,69.07,33.61,138.443,11.766,0.00253,0.0463,Laptop
229.74,0.239,53.35,77.41,39.37,104.322,10.214,0.00198,0.0534,Laptop
225.51,0.264,49.31,64.43,40.06,88.887,9.428,0.00175,0.0493,Laptop
230.04,0.218,52.91,66.12,46.08,53.626,7.323,0.00101,0.0529,Laptop
232.76,0.317,72.32,88.37,55.12,141.845,11.91,0.00262,0.0723,Laptop
233.34,0.272,63.09,82.52,48.72,117.022,10.818,0.00215,0.0631,Laptop
225.81,0.248,57.4,71.97,50.27,58.276,7.634,0.00114,0.0574,Laptop
231.92,0.311,71.8,80.44,65.68,41.863,6.47,0.00078,0.0718,Laptop
229.67,0.214,44.27,69.52,26.61,117.636,10.846,0.00223,0.0443,Laptop
231.26,0.178,43.01,50.61,36.65,36.139,6.012,0.00068,0.043,Laptop
228.85,0.327,77.72,101.7,61.87,110.111,10.493,0.0021,0.0777,Laptop
226.13,0.313,69.44,84.62,60.91,55.889,7.476,0.00109,0.0694,Laptop
225.25,0.298,67.87,94.24,47.41,132.893,11.528,0.00262,0.0679,Laptop
234.76,0.189,42.61,67.9,24.67,153.675,12.397,0.00279,0.0426,Laptop
234.82,0.308,76.47,87.68,66.07,80.141,8.952,0.00145,0.0765,Laptop
233.26,0.307,68.06,79.68,56.85,83.432,9.134,0.00153,0.0681,Laptop
231.41,0.226,52.47,64.97,35.22,94.631,9.728,0.00177,0.0525,Laptop
228.6,0.239,59.11,76.23,47.13,67.2,8.198,0.00129,0.0591,Laptop
228.16,0.216,45.01,58.65,29.78,118.801,10.9,0.00228,0.045,Laptop
233.7,0.344,75.63,91.88,67.7,81.746,9.041,0.0015,0.0756,Laptop
227.45,0.261,56.85,86.22,43.76,157.491,12.55,0.00304,0.0569,Laptop
230.51,0.203,47.7,61.81,38.11,35.01,5.917,0.00066,0.0477,Laptop
228.42,0.294,61.86,74.57,53.81,33.898,5.822,0.00065,0.0619,Laptop
226.87,0.211,47.53,56.01,38.29,44.332,6.658,0.00086,0.0475,Laptop
233.19,0.216,53.07,69.16,44.32,66.366,8.147,0.00122,0.0531,Laptop
225.27,0.287,69.41,90.19,53.02,113.015,10.631,0.00223,0.0694,Laptop
228.52,0.21,45.04,57.87,34.81,38.053,6.169,0.00073,0.045,Laptop
234.63,0.315,65.13,74.04,54.4,44.314,6.657,0.0008,0.0651,Laptop
232.81,0.318,68.13,84.06,48.77,156.503,12.51,0.00289,0.0681,Laptop
233.51,0.222,51.45,68.76,32.52,115.864,10.764,0.00212,0.0514,Laptop
226.67,0.293,68.49,78.4,59.97,43.336,6.583,0.00084,0.0685,Laptop
234.15,0.182,48.47,62.24,40.28,39.667,6.298,0.00072,0.0485,Laptop
226.57,0.311,67.34,89.9,55.86,106.981,10.343,0.00208,0.0673,Laptop
229.48,0.262,56.22,78.11,41.05,192.011,13.857,0.00365,0.0562,Laptop
227.52,0.298,76.61,94.09,69.93,54.629,7.391,0.00106,0.0766,Laptop
231.57,0.332,76.28,92.31,68.11,42.494,6.519,0.00079,0.0763,Laptop
228.02,0.216,47.53,57.75,40.23,59.809,7.734,0.00115,0.0475,Laptop
226.05,0.229,56.92,73.75,45.6,147.871,12.16,0.00289,0.0569,Laptop
225.98,0.217,46.67,76.87,31.31,177.251,13.314,0.00347,0.0467,Laptop
231.56,0.285,61.49,84.65,45.64,123.079,11.094,0.0023,0.0615,Laptop
230.69,0.316,73.3,92.97,52.52,193.895,13.925,0.00364,0.0733,Laptop
231.74,0.338,79.2,108.22,64.72,192.388,13.87,0.00358,0.0792,Laptop
232.81,0.331,76.41,93.47,66.02,71.326,8.446,0.00132,0.0764,Laptop
229.38,0.231,52.41,81.08,31.77,140.64,11.859,0.00267,0.0524,Laptop
232.37,0.213,50.11,58.79,40.52,31.422,5.606,0.00058,0.0501,Laptop
231.33,0.327,68.84,84.46,62.78,53.5,7.314,0.001,0.0688,Laptop
226.46,0.293,72.92,87.49,64.34,50.627,7.115,0.00099,0.0729,Laptop
230.96,0.178,44.3,56.57,38.79,26.545,5.152,0.0005,0.0443,Laptop
231.63,0.323,78.62,103.17,57.49,175.359,13.242,0.00327,0.0786,Laptop
226.36,0.344,79.1,98.42,64.06,187.12,13.679,0.00365,0.0791,Laptop
233.16,0.226,55.13,64.67,44.81,33.589,5.796,0.00062,0.0551,Laptop
231.3,0.238,56.65,72.78,46.11,42.235,6.499,0.00079,0.0566,Laptop
225.57,0.195,44.82,69.44,31.55,104.59,10.227,0.00206,0.0448,Laptop
233.43,0.275,57.84,82.31,46.75,129.442,11.377,0.00238,0.0578,Laptop
225.71,0.214,54.46,78.95,41.95,96.299,9.813,0.00189,0.0545,Laptop
233.16,0.28,57.28,81.3,36.76,148.048,12.168,0.00272,0.0573,Laptop
231.3,0.216,56.7,65.02,51.55,39.675,6.299,0.00074,0.0567,Laptop
233.74,0.187,49.46,64.35,41.73,47.659,6.904,0.00087,0.0495,Laptop
234.6,0.316,74.06,96.15,54.11,163.178,12.774,0.00296,0.0741,Laptop
226.44,0.173,40.34,50.51,33.84,26.83,5.18,0.00052,0.0403,Laptop
229.23,0.3,68.72,88.06,59.44,80.717,8.984,0.00154,0.0687,Laptop
233.13,0.266,63.54,73.94,53.69,47.567,6.897,0.00088,0.0635,Laptop
227.58,0.352,74.68,94.33,60.48,121.516,11.023,0.00235,0.0747,Laptop
227.04,0.342,65.07,85.6,54.54,67.711,8.229,0.00131,0.0651,Laptop
234.17,0.296,72.03,91.37,59.47,82.087,9.06,0.0015,0.072,Laptop
229.92,0.215,47.69,61.64,31.96,84.188,9.175,0.00159,0.0477,Laptop
230.33,0.281,65.26,78.79,53.64,97.742,9.886,0.00184,0.0653,Laptop
225.99,0.281,64.92,84.87,55.71,81.394,9.022,0.00159,0.0649,Laptop
234.27,0.269,68.42,84.84,60.66,76.918,8.77,0.0014,0.0684,Laptop
234.85,0.259,66.66,81.5,59.77,57.284,7.569,0.00104,0.0667,Laptop
232.18,0.321,71.07,93.18,52.35,122.341,11.061,0.00227,0.0711,Laptop
225.79,0.254,53.24,71.21,44.63,52.339,7.235,0.00103,0.0532,Laptop
227.12,0.241,49.56,62.62,41.77,56.724,7.532,0.0011,0.0496,Laptop
225.2,0.328,75.18,97.68,59.59,187.429,13.69,0.0037,0.0752,Laptop
226.6,0.321,71.6,84.87,56.6,111.231,10.547,0.00217,0.0716,Laptop
228.09,0.238,54.75,81.64,40.43,142.267,11.928,0.00273,0.0547,Laptop
232.72,0.267,59.36,90.48,47.75,171.029,13.078,0.00316,0.0594,Laptop
234.36,0.302,73.02,90.73,53.56,146.938,12.122,0.00268,0.073,Laptop
234.52,0.194,41.99,54.05,33.26,40.312,6.349,0.00073,0.042,Laptop
231.45,0.177,40.68,57.84,27.81,186.14,13.643,0.00347,0.0407,Laptop
234.32,0.279,66.64,81.74,49.99,153.857,12.404,0.0028,0.0666,Laptop
229.6,0.259,59.96,71.77,52.6,31.922,5.65,0.00061,0.06,Laptop
226.49,0.323,65.93,81.22,56.67,42.922,6.551,0.00084,0.0659,Laptop
226.57,0.362,78.49,91.01,64.7,93.418,9.665,0.00182,0.0785,Laptop
233.18,0.327,79.16,96.21,64.37,90.57,9.517,0.00167,0.0792,Laptop
226.32,0.285,61.88,74.93,49.8,98.332,9.916,0.00192,0.0619,Laptop
226.29,0.297,68.8,80.68,61.97,34.934,5.91,0.00068,0.0688,Laptop
232.89,0.217,49.35,65.55,33.07,115.623,10.753,0.00213,0.0493,Laptop
226.27,0.273,57.1,70.71,47.05,41.573,6.448,0.00081,0.0571,Laptop
226.06,0.268,60.25,90.05,44.05,152.069,12.332,0.00298,0.0602,Laptop
228.94,0.336,73.93,91.04,61.75,89.054,9.437,0.0017,0.0739,Laptop
233.47,0.284,73.28,87.38,62.13,74.506,8.632,0.00137,0.0733,Laptop
232.94,0.264,59.46,70.18,51.14,64.103,8.006,0.00118,0.0595,Laptop
234.49,0.222,52.2,63.93,44.99,42.507,6.52,0.00077,0.0522,Laptop
230.44,0.267,62.07,76.69,47.58,67.388,8.209,0.00127,0.0621,Laptop
228.77,0.233,50.33,63.24,39.11,51.713,7.191,0.00099,0.0503,Laptop
225.21,0.233,56.76,76.41,40.42,143.587,11.983,0.00283,0.0568,Laptop
227.05,0.3,69.68,82.31,64.22,29.927,5.471,0.00058,0.0697,Laptop
232.23,0.245,52.77,70.72,39.9,173.007,13.153,0.00321,0.0528,Laptop
229.93,0.202,43.28,59.69,31.26,45.749,6.764,0.00087,0.0433,Laptop
230.45,0.216,50.79,74.07,30.53,128.178,11.322,0.00241,0.0508,Laptop
227.65,0.295,66.88,74.25,62.49,29.901,5.468,0.00058,0.0669,Laptop
228.0,0.232,46.05,58.82,34.28,57.185,7.562,0.0011,0.0461,Laptop
230.4,0.191,43.1,49.98,36.85,26.649,5.162,0.0005,0.0431,Laptop
233.02,0.264,58.65,69.72,44.82,68.145,8.255,0.00126,0.0587,Laptop
232.83,0.203,46.72,64.35,33.03,92.359,9.61,0.0017,0.0467,Laptop
230.4,0.195,42.01,50.05,37.38,30.982,5.566,0.00058,0.042,Laptop
232.43,0.276,68.93,83.17,62.99,38.744,6.225,0.00072,0.0689,Laptop
228.72,0.203,50.19,66.45,33.39,88.37,9.401,0.00169,0.0502,Laptop
225.56,0.203,45.69,56.71,41.01,29.98,5.475,0.00059,0.0457,Laptop
230.27,0.296,62.46,71.99,55.15,42.737,6.537,0.00081,0.0625,Laptop
230.93,0.221,48.4,63.29,43.43,36.566,6.047,0.00069,0.0484,Laptop
227.97,0.212,45.43,58.72,36.32,39.824,6.311,0.00077,0.0454,Laptop
232.83,0.324,77.5,93.25,65.78,126.053,11.227,0.00233,0.0775,Laptop
225.73,0.312,68.13,88.79,55.63,74.352,8.623,0.00146,0.0681,Laptop
225.9,0.345,77.91,89.92,69.11,53.685,7.327,0.00105,0.0779,Laptop
226.23,0.235,56.04,74.02,42.96,66.527,8.156,0.0013,0.056,Laptop
226.53,0.223,54.66,66.34,41.3,69.893,8.36,0.00136,0.0547,Laptop
228.67,0.206,44.23,58.7,25.21,113.505,10.654,0.00217,0.0442,Laptop
232.81,0.23,55.61,79.95,41.79,104.184,10.207,0.00192,0.0556,Laptop
233.43,0.259,65.77,91.03,47.38,117.864,10.857,0.00216,0.0658,Laptop
234.2,0.164,43.79,65.2,28.38,97.953,9.897,0.00179,0.0438,Laptop
232.97,0.303,68.8,79.22,63.18,33.353,5.775,0.00061,0.0688,Laptop
228.37,0.198,40.72,57.2,28.51,74.011,8.603,0.00142,0.0407,Laptop
227.15,0.207,44.82,62.59,22.34,160.373,12.664,0.00311,0.0448,Laptop
233.43,0.229,60.04,78.39,44.78,191.346,13.833,0.00351,0.06,Laptop
234.28,0.208,42.63,62.2,28.18,98.897,9.945,0.0018,0.0426,Laptop
227.56,0.27,54.58,72.89,34.1,158.587,12.593,0.00306,0.0546,Laptop
232.14,0.215,48.3,71.86,35.83,102.401,10.119,0.0019,0.0483,Laptop
234.67,0.264,58.09,68.81,47.08,39.502,6.285,0.00072,0.0581,Laptop
233.81,0.223,54.01,66.32,47.62,33.055,5.749,0.0006,0.054,Laptop
232.83,0.206,57.71,78.42,46.63,87.748,9.367,0.00162,0.0577,Laptop
228.67,0.248,61.04,81.55,44.78,150.779,12.279,0.00288,0.061,Laptop
231.71,0.256,50.78,68.87,39.35,56.216,7.498,0.00105,0.0508,Laptop
225.29,0.307,64.72,83.03,53.61,91.883,9.586,0.00181,0.0647,Laptop
225.81,0.218,47.73,71.2,30.56,183.784,13.557,0.0036,0.0477,Laptop
230.09,0.252,49.72,66.33,38.14,136.955,11.703,0.00259,0.0497,Laptop
229.61,0.218,51.45,66.19,40.96,52.232,7.227,0.00099,0.0515,Laptop
225.73,0.25,50.95,78.24,30.08,190.994,13.82,0.00375,0.0509,Laptop
225.07,0.271,60.73,71.08,51.54,28.492,5.338,0.00056,0.0607,Laptop
229.58,0.349,77.8,92.01,63.8,122.379,11.062,0.00232,0.0778,Laptop
227.4,0.259,58.79,76.6,48.27,82.795,9.099,0.0016,0.0588,Laptop
233.3,0.26,66.56,86.0,52.79,64.727,8.045,0.00119,0.0666,Laptop
227.09,0.188,41.58,68.14,20.94,136.23,11.672,0.00264,0.0416,Laptop
230.3,0.197,41.11,54.09,30.8,52.127,7.22,0.00098,0.0411,Laptop
230.57,0.332,69.71,84.25,63.03,56.519,7.518,0.00106,0.0697,Laptop
231.93,0.333,79.63,93.48,71.15,56.265,7.501,0.00105,0.0796,Laptop
229.41,0.317,74.28,100.47,63.08,124.498,11.158,0.00237,0.0743,Laptop
228.15,0.28,60.48,77.48,44.97,181.339,13.466,0.00348,0.0605,Laptop
233.57,0.242,55.84,67.74,47.79,46.137,6.792,0.00085,0.0558,Laptop
230.05,0.35,79.53,91.26,69.78,84.41,9.187,0.00159,0.0795,Laptop
229.36,0.234,46.28,76.0,31.82,183.009,13.528,0.00348,0.0463,Laptop
234.41,0.334,75.27,96.53,62.14,92.867,9.637,0.00169,0.0753,Laptop
230.53,0.195,44.59,56.18,38.03,37.641,6.135,0.00071,0.0446,Laptop
230.39,0.333,78.75,90.76,66.1,87.571,9.358,0.00165,0.0788,Laptop
233.41,0.351,79.87,94.22,64.73,78.732,8.873,0.00145,0.0799,Laptop
229.06,0.158,41.64,54.2,29.57,66.025,8.126,0.00126,0.0416,Laptop
234.49,0.23,50.72,66.37,34.26,151.369,12.303,0.00275,0.0507,Laptop
233.24,0.306,65.9,95.1,42.24,188.252,13.72,0.00346,0.0659,Laptop
230.17,0.241,44.68,58.0,31.1,95.133,9.754,0.0018,0.0447,Laptop
225.1,0.206,47.79,70.74,36.64,88.774,9.422,0.00175,0.0478,Laptop
229.24,0.293,68.59,85.16,55.95,108.871,10.434,0.00207,0.0686,Laptop
225.26,0.198,48.87,66.44,38.29,144.582,12.024,0.00285,0.0489,Laptop
229.74,0.169,40.4,53.36,31.34,33.211,5.763,0.00063,0.0404,Laptop
232.83,0.32,73.82,96.51,61.23,148.639,12.192,0.00274,0.0738,Laptop
233.45,0.309,69.09,88.48,54.9,191.182,13.827,0.00351,0.0691,Laptop
226.87,0.176,42.67,59.9,19.79,195.637,13.987,0.0038,0.0427,Laptop
228.65,0.338,73.66,97.37,56.42,99.832,9.992,0.00191,0.0737,Laptop
233.88,0.226,58.4,73.52,41.61,109.469,10.463,0.002,0.0584,Laptop
234.67,0.193,50.74,63.15,37.9,89.367,9.453,0.00162,0.0507,Laptop
229.42,0.233,53.36,72.38,45.52,94.022,9.696,0.00179,0.0534,Laptop
232.61,0.275,68.52,79.05,55.62,68.833,8.297,0.00127,0.0685,Laptop
230.77,0.189,46.19,63.48,35.03,67.334,8.206,0.00126,0.0462,Laptop
228.86,0.257,56.81,68.96,47.97,101.183,10.059,0.00193,0.0568,Laptop
227.71,0.245,54.82,78.56,37.19,102.42,10.12,0.00198,0.0548,Laptop
232.4,0.182,43.46,62.57,29.46,121.493,11.022,0.00225,0.0435,Laptop
228.02,0.272,55.36,82.94,41.75,161.026,12.69,0.0031,0.0554,Laptop
226.18,0.187,50.08,76.07,32.36,176.539,13.287,0.00345,0.0501,Laptop
233.07,0.286,60.93,69.21,52.84,36.611,6.051,0.00067,0.0609,Laptop
234.37,0.206,52.33,80.47,38.89,164.503,12.826,0.00299,0.0523,Laptop
228.71,0.275,60.07,75.6,46.16,132.923,11.529,0.00254,0.0601,Laptop
229.85,0.279,61.63,79.23,41.75,152.899,12.365,0.00289,0.0616,Laptop
232.0,0.28,56.48,69.38,48.21,39.007,6.246,0.00072,0.0565,Laptop
231.39,0.263,53.52,79.36,41.87,173.233,13.162,0.00324,0.0535,Laptop
232.94,0.25,59.78,79.99,43.98,170.374,13.053,0.00314,0.0598,Laptop
233.99,0.316,75.85,101.73,65.92,124.801,11.171,0.00228,0.0759,Laptop
226.78,0.235,49.57,62.95,39.76,76.768,8.762,0.00149,0.0496,Laptop
226.35,0.238,51.85,69.86,40.21,103.034,10.151,0.00201,0.0518,Laptop
232.57,0.235,53.28,69.63,42.4,136.89,11.7,0.00253,0.0533,Laptop
228.46,0.324,72.31,81.56,65.58,52.087,7.217,0.001,0.0723,Laptop
227.53,0.293,62.21,82.22,52.14,95.028,9.748,0.00184,0.0622,Laptop
233.64,0.236,52.37,66.11,39.19,126.499,11.247,0.00232,0.0524,Laptop
225.73,0.276,71.61,86.08,60.45,48.442,6.96,0.00095,0.0716,Laptop
230.62,0.314,69.64,87.85,52.01,120.05,10.957,0.00226,0.0696,Laptop
232.45,0.203,55.16,69.04,42.66,59.674,7.725,0.0011,0.0552,Laptop
234.3,0.279,61.8,87.81,51.96,119.972,10.953,0.00219,0.0618,Laptop
233.24,0.299,74.28,85.78,63.47,76.317,8.736,0.0014,0.0743,Laptop
227.31,0.265,51.65,67.16,32.2,142.812,11.95,0.00276,0.0516,Laptop
225.9,0.208,53.49,67.72,44.16,33.725,5.807,0.00066,0.0535,Laptop
229.6,0.226,48.94,71.03,36.07,179.589,13.401,0.00341,0.0489,Laptop
225.04,0.222,49.52,68.65,37.25,180.796,13.446,0.00357,0.0495,Laptop
230.7,0.291,74.47,97.64,60.73,86.378,9.294,0.00162,0.0745,Laptop
230.58,0.212,52.17,59.12,44.95,33.387,5.778,0.00063,0.0522,Laptop
233.37,0.264,62.89,84.9,47.77,195.8,13.993,0.0036,0.0629,Laptop
227.85,0.309,71.71,104.17,58.14,172.97,13.152,0.00333,0.0717,Laptop
233.81,0.222,53.13,67.15,44.49,36.187,6.016,0.00066,0.0531,Laptop
227.87,0.281,69.47,92.05,61.71,82.46,9.081,0.00159,0.0695,Laptop
228.55,0.268,59.28,74.62,44.71,90.787,9.528,0.00174,0.0593,Laptop
230.51,0.324,73.04,86.32,64.4,59.777,7.732,0.00113,0.073,Laptop
229.67,0.21,51.42,73.36,39.16,186.445,13.655,0.00353,0.0514,Laptop
226.11,0.217,48.78,64.96,34.09,84.257,9.179,0.00165,0.0488,Laptop
232.39,0.243,57.05,69.95,44.46,64.053,8.003,0.00119,0.0571,Laptop
226.31,0.247,49.42,80.46,29.2,179.36,13.393,0.0035,0.0494,Laptop
229.82,0.254,60.81,94.64,46.83,189.811,13.777,0.00359,0.0608,Laptop
227.14,0.306,67.04,87.89,59.36,74.736,8.645,0.00145,0.067,Laptop
230.12,0.312,76.74,95.18,61.41,172.581,13.137,0.00326,0.0767,Laptop
234.68,0.334,76.59,85.42,70.83,42.283,6.503,0.00077,0.0766,Laptop
234.09,0.226,47.74,63.34,35.51,76.502,8.747,0.0014,0.0477,Laptop
227.75,0.306,76.38,90.23,58.09,114.597,10.705,0.00221,0.0764,Laptop
234.58,0.19,43.11,58.72,31.43,95.868,9.791,0.00174,0.0431,Laptop
234.58,0.231,60.12,71.65,53.57,33.019,5.746,0.0006,0.0601,Laptop
233.56,0.263,57.39,67.14,46.82,45.368,6.736,0.00083,0.0574,Laptop
227.06,0.217,52.87,75.16,36.95,84.445,9.189,0.00164,0.0529,Laptop
227.07,0.236,54.33,66.15,46.33,40.254,6.345,0.00078,0.0543,Laptop
233.96,0.261,72.27,80.4,66.12,25.33,5.033,0.00046,0.0723,Laptop
227.3,0.219,47.98,58.86,42.31,28.516,5.34,0.00055,0.048,Laptop
229.83,0.254,56.64,76.8,42.63,190.459,13.801,0.00361,0.0566,Laptop
227.92,0.219,46.91,66.97,35.0,70.8,8.414,0.00136,0.0469,Laptop
225.48,0.212,48.41,68.6,39.94,101.869,10.093,0.002,0.0484,Laptop
229.03,0.285,65.97,88.87,53.32,127.298,11.283,0.00243,0.066,Laptop
226.29,0.327,77.9,92.86,63.38,86.054,9.277,0.00168,0.0779,Laptop
229.98,0.23,52.4,81.05,34.27,151.48,12.308,0.00286,0.0524,Laptop
232.63,0.184,45.46,62.03,39.67,49.816,7.058,0.00092,0.0455,Laptop
232.53,0.266,58.95,69.86,44.34,81.378,9.021,0.00151,0.059,Laptop
231.77,0.251,68.11,93.83,51.78,185.064,13.604,0.00345,0.0681,Laptop
234.54,0.308,65.68,76.17,53.06,59.034,7.683,0.00107,0.0657,Laptop
229.71,0.185,47.96,61.28,35.32,108.476,10.415,0.00206,0.048,Laptop
230.47,0.264,57.44,84.16,39.0,137.782,11.738,0.00259,0.0574,Laptop
233.35,0.317,73.7,87.29,63.88,59.735,7.729,0.0011,0.0737,Laptop
226.57,0.218,41.24,61.7,27.18,182.848,13.522,0.00356,0.0412,Laptop
234.12,0.247,53.82,67.07,43.37,112.224,10.594,0.00205,0.0538,Laptop
233.31,0.29,70.67,84.45,59.79,66.517,8.156,0.00122,0.0707,Laptop
233.06,0.204,51.19,63.66,39.99,45.208,6.724,0.00083,0.0512,Laptop
227.41,0.199,43.14,60.97,32.06,67.365,8.208,0.0013,0.0431,Laptop
229.93,0.207,41.6,65.14,28.41,192.069,13.859,0.00363,0.0416,Laptop
231.67,0.212,51.37,71.53,38.58,105.514,10.272,0.00197,0.0514,Laptop
229.49,0.283,61.51,85.86,48.4,120.398,10.973,0.00229,0.0615,Laptop
231.46,0.22,46.02,68.77,25.54,179.395,13.394,0.00335,0.046,Laptop
230.27,0.335,77.19,94.38,68.59,87.501,9.354,0.00165,0.0772,Laptop
233.03,0.254,49.88,81.1,27.05,171.519,13.097,0.00316,0.0499,Laptop
232.79,0.199,45.24,58.2,31.73,108.339,10.409,0.002,0.0452,Laptop
226.55,0.209,47.32,61.92,35.53,68.648,8.285,0.00134,0.0473,Laptop
226.83,0.262,62.96,83.61,46.44,115.275,10.737,0.00224,0.063,Laptop
228.36,0.279,70.6,86.88,57.72,79.119,8.895,0.00152,0.0706,Laptop
225.86,0.212,43.64,71.53,31.3,177.13,13.309,0.00347,0.0436,Laptop
228.57,0.25,63.7,79.43,50.72,156.754,12.52,0.003,0.0637,Laptop
225.67,0.196,41.13,58.02,32.37,51.879,7.203,0.00102,0.0411,Laptop
232.2,0.334,76.73,89.29,65.31,75.21,8.672,0.00139,0.0767,Laptop
230.72,0.322,76.3,87.86,66.05,37.238,6.102,0.0007,0.0763,Laptop
229.1,0.257,59.28,68.08,52.94,31.744,5.634,0.0006,0.0593,Laptop
229.61,0.295,66.85,78.69,56.91,41.727,6.46,0.00079,0.0669,Laptop
233.67,0.285,65.05,80.09,45.81,121.473,11.021,0.00222,0.0651,Laptop
227.65,0.33,77.34,102.37,65.65,131.782,11.48,0.00254,0.0773,Laptop
229.43,0.276,64.71,80.64,43.69,142.319,11.93,0.0027,0.0647,Laptop
233.23,0.271,60.73,75.46,48.09,83.837,9.156,0.00154,0.0607,Laptop
232.3,0.209,56.44,78.93,40.32,113.699,10.663,0.00211,0.0564,Laptop
227.42,0.255,59.32,81.28,39.2,168.519,12.981,0.00326,0.0593,Laptop
225.97,0.23,59.04,89.7,44.97,193.911,13.925,0.0038,0.059,Laptop
229.1,0.311,71.2,89.07,50.64,142.588,11.941,0.00272,0.0712,Laptop
230.93,0.265,55.2,74.1,42.25,90.581,9.517,0.0017,0.0552,Laptop
226.76,0.249,72.51,86.04,57.04,97.532,9.876,0.0019,0.0725,Laptop
234.32,0.321,77.89,89.34,66.92,69.242,8.321,0.00126,0.0779,Laptop
229.07,0.227,55.33,77.12,43.53,147.67,12.152,0.00281,0.0553,Laptop
227.67,0.271,60.36,72.99,51.72,40.032,6.327,0.00077,0.0604,Laptop
234.12,0.335,77.84,87.72,69.9,51.875,7.202,0.00095,0.0778,Laptop
233.95,0.334,78.88,95.98,56.63,162.153,12.734,0.00296,0.0789,Laptop
229.42,0.182,41.84,58.07,29.24,97.909,9.895,0.00186,0.0418,Laptop
231.13,0.287,74.75,94.08,57.01,120.058,10.957,0.00225,0.0748,Laptop
225.47,0.301,66.74,84.76,46.16,162.944,12.765,0.00321,0.0667,Laptop
233.53,0.315,76.57,94.12,68.29,54.576,7.388,0.001,0.0766,Laptop
225.44,0.307,68.81,82.61,59.9,81.006,9.0,0.00159,0.0688,Laptop
231.7,0.166,40.02,55.98,27.87,150.137,12.253,0.0028,0.04,Laptop
228.55,0.183,52.83,80.64,41.57,187.012,13.675,0.00358,0.0528,Laptop
229.3,0.353,75.0,85.2,62.98,59.492,7.713,0.00113,0.075,Laptop
225.54,0.241,45.62,61.21,31.79,112.422,10.603,0.00221,0.0456,Laptop
230.45,0.198,51.34,82.41,30.73,183.219,13.536,0.00345,0.0513,Laptop
234.78,0.197,46.34,62.05,32.83,88.12,9.387,0.0016,0.0463,Laptop
226.29,0.272,57.21,74.8,50.93,55.836,7.472,0.00109,0.0572,Laptop
225.31,0.336,78.67,94.2,67.35,94.855,9.739,0.00187,0.0787,Laptop
225.66,0.321,79.57,90.56,72.92,28.661,5.354,0.00056,0.0796,Laptop
232.03,0.241,42.72,52.69,32.35,45.483,6.744,0.00084,0.0427,Laptop
226.89,0.234,62.94,79.03,50.85,48.125,6.937,0.00093,0.0629,Laptop
227.34,0.19,41.99,57.2,32.1,55.004,7.417,0.00106,0.042,Laptop
234.44,0.232,55.85,76.5,41.09,126.445,11.245,0.0023,0.0559,Laptop
229.71,0.263,68.27,90.19,56.92,181.327,13.466,0.00344,0.0683,Laptop
229.96,0.276,61.78,76.04,50.15,42.458,6.516,0.0008,0.0618,Laptop
229.54,0.282,61.62,84.69,46.79,159.931,12.646,0.00304,0.0616,Laptop
229.93,0.259,63.17,79.06,53.29,44.913,6.702,0.00085,0.0632,Laptop
231.04,0.199,44.84,55.6,37.97,32.584,5.708,0.00061,0.0448,Laptop
230.89,0.225,43.57,56.24,27.7,78.834,8.879,0.00148,0.0436,Laptop
228.25,0.204,43.79,65.46,26.92,189.967,13.783,0.00365,0.0438,Laptop
231.5,0.183,40.99,64.31,27.73,151.101,12.292,0.00282,0.041,Laptop
227.5,0.201,42.62,64.43,29.11,125.788,11.216,0.00243,0.0426,Laptop
228.64,0.184,48.67,75.82,37.91,121.584,11.027,0.00233,0.0487,Laptop
229.47,0.256,50.17,72.92,33.47,154.411,12.426,0.00293,0.0502,Laptop
228.05,0.189,47.27,59.56,41.52,33.33,5.773,0.00064,0.0473,Laptop
229.16,0.288,58.77,69.83,49.55,69.046,8.309,0.00131,0.0588,Laptop
231.64,0.284,66.63,80.25,59.11,57.396,7.576,0.00107,0.0666,Laptop
227.28,0.23,51.18,63.67,45.8,37.782,6.147,0.00073,0.0512,Laptop
226.34,0.306,65.79,82.87,54.85,64.914,8.057,0.00127,0.0658,Laptop
226.16,0.246,61.46,75.29,48.91,79.822,8.934,0.00156,0.0615,Laptop
233.71,0.339,79.96,98.03,69.22,109.618,10.47,0.00201,0.08,Laptop
228.67,0.301,76.55,90.57,66.71,69.134,8.315,0.00132,0.0766,Laptop
233.37,0.233,66.03,83.24,49.0,110.829,10.528,0.00204,0.066,Laptop
229.97,0.296,66.7,78.63,60.32,26.162,5.115,0.00049,0.0667,Laptop
228.43,0.184,45.53,62.05,34.75,80.195,8.955,0.00154,0.0455,Laptop
234.61,0.308,63.97,80.44,49.28,150.487,12.267,0.00273,0.064,Laptop
228.37,0.267,62.78,79.38,51.65,162.563,12.75,0.00312,0.0628,Laptop
231.69,0.276,61.72,78.74,50.1,156.151,12.496,0.00291,0.0617,Laptop
230.57,0.343,77.86,92.05,65.57,76.3,8.735,0.00144,0.0779,Laptop
233.21,0.203,51.41,67.31,45.28,51.164,7.153,0.00094,0.0514,Laptop
228.69,0.291,60.23,81.8,48.63,100.865,10.043,0.00193,0.0602,Laptop
230.48,0.321,65.62,75.23,58.88,53.803,7.335,0.00101,0.0656,Laptop
227.25,0.484,115.02,149.32,89.2,263.896,16.245,0.00511,0.115,TV
228.94,0.36,90.35,105.45,76.62,58.881,7.673,0.00112,0.0903,TV
226.67,0.352,78.73,102.54,53.35,242.576,15.575,0.00472,0.0787,TV
229.09,0.561,127.96,152.42,112.82,146.735,12.113,0.0028,0.128,TV
226.89,0.494,115.63,144.51,95.95,164.21,12.814,0.00319,0.1156,TV
232.21,0.502,115.02,155.36,100.63,283.42,16.835,0.00526,0.115,TV
233.21,0.34,78.02,99.04,67.55,121.857,11.039,0.00224,0.078,TV
232.14,0.615,148.33,178.93,130.7,217.871,14.76,0.00404,0.1483,TV
225.01,0.379,84.61,111.37,68.93,165.897,12.88,0.00328,0.0846,TV
225.74,0.435,90.36,125.15,62.84,263.737,16.24,0.00518,0.0904,TV
226.18,0.701,154.22,165.52,137.5,86.555,9.303,0.00169,0.1542,TV
226.77,0.511,121.42,148.8,96.51,287.112,16.944,0.00558,0.1214,TV
226.88,0.522,124.98,140.76,113.07,114.51,10.701,0.00222,0.125,TV
229.48,0.427,100.64,138.05,81.84,230.694,15.189,0.00438,0.1006,TV
233.61,0.531,120.27,138.58,108.8,76.206,8.73,0.0014,0.1203,TV
229.4,0.647,147.09,175.09,125.68,232.787,15.257,0.00442,0.1471,TV
228.26,0.662,153.69,171.71,137.53,205.66,14.341,0.00395,0.1537,TV
225.24,0.496,111.0,129.87,99.67,113.627,10.66,0.00224,0.111,TV
226.65,0.56,130.13,148.62,115.96,160.283,12.66,0.00312,0.1301,TV
226.47,0.36,80.86,115.57,56.11,253.94,15.935,0.00495,0.0809,TV
232.16,0.58,128.55,153.47,118.28,149.987,12.247,0.00278,0.1286,TV
230.0,0.462,103.6,124.06,88.6,101.037,10.052,0.00191,0.1036,TV
233.71,0.473,102.39,132.24,76.36,239.243,15.467,0.00438,0.1024,TV
230.78,0.64,134.95,157.76,119.91,310.168,17.612,0.00582,0.1349,TV
234.38,0.516,117.39,142.54,105.09,189.446,13.764,0.00345,0.1174,TV
228.12,0.453,99.5,120.48,72.24,262.967,16.216,0.00505,0.0995,TV
227.57,0.517,122.44,158.44,101.43,299.149,17.296,0.00578,0.1224,TV
227.77,0.705,154.73,185.83,137.11,232.828,15.259,0.00449,0.1547,TV
225.49,0.318,77.48,106.17,59.97,171.505,13.096,0.00337,0.0775,TV
229.47,0.339,80.79,106.86,50.66,306.091,17.495,0.00581,0.0808,TV
229.26,0.679,153.84,185.4,143.3,171.47,13.095,0.00326,0.1538,TV
226.4,0.37,82.69,110.86,67.02,136.196,11.67,0.00266,0.0827,TV
230.27,0.389,86.29,102.08,80.07,49.122,7.009,0.00093,0.0863,TV
227.09,0.569,128.22,143.83,120.64,61.869,7.866,0.0012,0.1282,TV
232.36,0.409,99.1,123.04,87.35,146.345,12.097,0.00271,0.0991,TV
231.62,0.4,87.66,107.57,69.81,212.264,14.569,0.00396,0.0877,TV
227.47,0.602,134.87,158.06,118.15,97.662,9.882,0.00189,0.1349,TV
225.88,0.446,106.32,136.87,85.17,220.42,14.847,0.00432,0.1063,TV
227.83,0.442,105.24,122.6,94.64,66.136,8.132,0.00127,0.1052,TV
228.24,0.462,101.74,113.71,90.06,53.045,7.283,0.00102,0.1017,TV
233.97,0.455,116.46,131.35,96.29,144.253,12.011,0.00264,0.1165,TV
234.24,0.326,76.95,102.59,63.3,179.444,13.396,0.00327,0.077,TV
229.29,0.545,127.18,145.19,101.13,224.953,14.998,0.00428,0.1272,TV
227.63,0.33,78.03,98.76,68.71,69.782,8.354,0.00135,0.078,TV
226.15,0.34,83.56,118.02,67.8,222.429,14.914,0.00435,0.0836,TV
230.16,0.406,95.28,136.52,71.57,300.881,17.346,0.00568,0.0953,TV
228.54,0.476,105.49,130.23,91.06,132.95,11.53,0.00255,0.1055,TV
225.95,0.364,91.04,107.99,71.68,133.359,11.548,0.00261,0.091,TV
226.58,0.496,111.45,140.14,95.29,186.669,13.663,0.00364,0.1115,TV
229.4,0.371,80.38,107.84,63.25,146.69,12.112,0.00279,0.0804,TV
233.32,0.51,114.52,124.63,105.36,68.941,8.303,0.00127,0.1145,TV
227.96,0.516,114.65,134.82,102.66,135.311,11.632,0.0026,0.1147,TV
226.36,0.371,90.74,101.83,84.58,57.892,7.609,0.00113,0.0907,TV
234.73,0.406,90.5,108.49,81.76,116.729,10.804,0.00212,0.0905,TV
233.39,0.373,77.56,118.48,54.4,300.744,17.342,0.00552,0.0776,TV
228.87,0.566,126.78,136.3,117.36,56.137,7.492,0.00107,0.1268,TV
230.5,0.601,146.03,164.52,137.79,66.443,8.151,0.00125,0.146,TV
229.0,0.362,87.04,115.15,71.47,157.233,12.539,0.003,0.087,TV
229.91,0.625,142.9,170.04,127.28,218.054,14.767,0.00413,0.1429,TV
227.21,0.444,96.53,116.44,68.15,250.73,15.834,0.00486,0.0965,TV
226.3,0.633,138.69,159.55,119.62,128.653,11.343,0.00251,0.1387,TV
225.49,0.286,75.19,95.39,66.26,93.95,9.693,0.00185,0.0752,TV
226.14,0.49,107.88,137.9,94.06,199.55,14.126,0.0039,0.1079,TV
233.63,0.577,136.8,156.89,122.9,78.449,8.857,0.00144,0.1368,TV
230.97,0.405,101.98,115.41,89.03,97.765,9.888,0.00183,0.102,TV
229.75,0.475,104.08,137.41,90.54,197.432,14.051,0.00374,0.1041,TV
228.81,0.38,86.27,116.07,62.24,192.498,13.874,0.00368,0.0863,TV
225.57,0.637,146.5,173.06,125.57,164.555,12.828,0.00323,0.1465,TV
226.5,0.393,78.09,104.91,62.6,277.812,16.668,0.00542,0.0781,TV
225.31,0.415,96.99,109.85,84.51,54.181,7.361,0.00107,0.097,TV
234.83,0.553,125.96,146.83,114.41,77.054,8.778,0.0014,0.126,TV
232.09,0.41,91.03,110.55,81.52,86.882,9.321,0.00161,0.091,TV
229.39,0.609,137.56,165.51,112.68,244.093,15.623,0.00464,0.1376,TV
227.28,0.446,96.92,111.07,85.69,109.48,10.463,0.00212,0.0969,TV
227.1,0.478,111.43,134.13,85.59,288.756,16.993,0.0056,0.1114,TV
234.23,0.52,120.48,144.5,108.85,121.022,11.001,0.00221,0.1205,TV
231.94,0.351,78.18,107.12,54.85,263.526,16.233,0.0049,0.0782,TV
232.72,0.463,112.86,137.59,89.49,190.302,13.795,0.00351,0.1129,TV
229.98,0.643,142.34,169.76,126.05,250.11,15.815,0.00473,0.1423,TV
227.28,0.508,116.95,143.29,94.07,251.764,15.867,0.00487,0.117,TV
227.46,0.36,83.74,104.65,66.88,247.692,15.738,0.00479,0.0837,TV
234.73,0.672,153.38,165.85,138.4,99.023,9.951,0.0018,0.1534,TV
229.51,0.381,83.06,101.4,58.37,218.53,14.783,0.00415,0.0831,TV
228.98,0.458,101.91,119.39,88.96,91.763,9.579,0.00175,0.1019,TV
231.32,0.413,95.57,120.34,64.78,303.986,17.435,0.00568,0.0956,TV
228.33,0.479,110.93,134.38,94.8,176.287,13.277,0.00338,0.1109,TV
232.33,0.523,129.87,154.52,107.08,261.339,16.166,0.00484,0.1299,TV
229.86,0.459,100.1,112.75,92.35,73.279,8.56,0.00139,0.1001,TV
231.83,0.593,127.86,165.37,112.98,304.735,17.457,0.00567,0.1279,TV
234.76,0.473,117.58,139.77,100.78,287.592,16.959,0.00522,0.1176,TV
229.41,0.506,121.78,161.48,102.78,255.313,15.979,0.00485,0.1218,TV
229.95,0.593,134.38,163.01,117.28,239.461,15.475,0.00453,0.1344,TV
234.74,0.532,128.07,146.05,110.48,132.034,11.491,0.0024,0.1281,TV
230.3,0.416,98.2,117.03,77.95,193.71,13.918,0.00365,0.0982,TV
227.83,0.344,75.02,95.29,61.02,70.498,8.396,0.00136,0.075,TV
231.09,0.647,152.67,175.85,143.08,123.425,11.11,0.00231,0.1527,TV
228.96,0.684,152.11,172.46,140.21,167.154,12.929,0.00319,0.1521,TV
228.74,0.688,151.08,162.63,138.61,52.479,7.244,0.001,0.1511,TV
228.21,0.429,95.18,124.42,83.55,165.802,12.876,0.00318,0.0952,TV
228.85,0.451,107.18,145.47,92.71,243.865,15.616,0.00466,0.1072,TV
229.21,0.483,113.48,132.1,103.98,124.087,11.139,0.00236,0.1135,TV
226.95,0.655,140.28,169.28,122.9,250.531,15.828,0.00486,0.1403,TV
231.38,0.415,98.05,118.68,89.99,92.085,9.596,0.00172,0.0981,TV
234.36,0.486,116.61,142.33,103.45,121.286,11.013,0.00221,0.1166,TV
228.35,0.413,91.58,109.56,75.1,124.451,11.156,0.00239,0.0916,TV
225.66,0.367,90.3,118.07,76.79,131.824,11.481,0.00259,0.0903,TV
231.64,0.405,95.41,106.12,86.12,70.516,8.397,0.00131,0.0954,TV
232.61,0.321,76.27,98.51,59.1,172.552,13.136,0.00319,0.0763,TV
230.63,0.428,100.07,122.13,82.95,104.985,10.246,0.00197,0.1001,TV
230.51,0.465,103.76,120.25,92.65,70.289,8.384,0.00132,0.1038,TV
227.03,0.526,111.15,142.17,97.01,248.58,15.766,0.00482,0.1111,TV
232.93,0.547,125.33,143.76,112.51,75.329,8.679,0.00139,0.1253,TV
225.24,0.495,107.94,130.01,97.11,113.688,10.662,0.00224,0.1079,TV
232.98,0.642,148.72,170.28,123.44,315.544,17.764,0.00581,0.1487,TV
229.13,0.639,143.79,167.97,129.98,95.452,9.77,0.00182,0.1438,TV
225.22,0.609,140.35,155.05,132.02,51.172,7.153,0.00101,0.1404,TV
231.11,0.577,130.68,145.11,121.32,115.933,10.767,0.00217,0.1307,TV
232.42,0.549,115.78,135.78,106.15,135.65,11.647,0.00251,0.1158,TV
228.36,0.666,153.08,180.12,130.03,275.863,16.609,0.00529,0.1531,TV
225.18,0.383,80.96,112.0,62.13,159.121,12.614,0.00314,0.081,TV
225.71,0.395,90.15,125.67,68.2,239.771,15.485,0.00471,0.0901,TV
233.29,0.593,138.06,158.96,128.07,97.01,9.849,0.00178,0.1381,TV
225.4,0.339,91.09,105.79,80.17,80.37,8.965,0.00158,0.0911,TV
227.71,0.364,77.33,100.75,62.33,186.49,13.656,0.0036,0.0773,TV
233.67,0.557,134.74,165.04,119.44,270.123,16.435,0.00495,0.1347,TV
229.41,0.363,80.2,102.13,52.82,258.515,16.078,0.00491,0.0802,TV
233.64,0.508,112.17,142.62,87.82,230.677,15.188,0.00423,0.1122,TV
229.62,0.648,150.28,172.52,130.7,152.525,12.35,0.00289,0.1503,TV
233.22,0.526,119.36,135.59,103.49,80.6,8.978,0.00148,0.1194,TV
225.33,0.511,112.43,144.59,100.44,199.172,14.113,0.00392,0.1124,TV
233.52,0.496,118.87,133.66,108.95,84.097,9.17,0.00154,0.1189,TV
226.59,0.619,140.02,152.73,129.41,71.549,8.459,0.00139,0.14,TV
230.17,0.551,136.09,162.63,119.18,142.102,11.921,0.00268,0.1361,TV
232.44,0.498,121.46,137.48,109.89,127.001,11.269,0.00235,0.1215,TV
230.76,0.463,108.88,126.88,90.35,160.382,12.664,0.00301,0.1089,TV
229.92,0.679,153.04,174.09,143.55,113.756,10.666,0.00215,0.153,TV
231.06,0.37,82.17,119.56,54.3,308.058,17.552,0.00577,0.0822,TV
229.5,0.659,143.67,176.07,113.32,307.132,17.525,0.00583,0.1437,TV
230.83,0.513,118.07,135.73,108.43,143.983,11.999,0.0027,0.1181,TV
228.8,0.452,110.88,140.32,88.61,316.382,17.787,0.00604,0.1109,TV
226.34,0.353,78.84,108.99,54.6,241.166,15.53,0.00471,0.0788,TV
227.54,0.387,93.24,103.0,85.34,50.791,7.127,0.00098,0.0932,TV
226.17,0.667,153.87,168.1,143.48,108.055,10.395,0.00211,0.1539,TV
233.62,0.653,151.92,169.26,143.93,94.366,9.714,0.00173,0.1519,TV
231.41,0.442,108.11,122.76,93.62,99.414,9.971,0.00186,0.1081,TV
231.89,0.512,120.21,142.45,94.13,270.451,16.445,0.00503,0.1202,TV
231.74,0.371,84.2,110.18,58.65,214.418,14.643,0.00399,0.0842,TV
228.82,0.643,151.55,177.6,133.46,112.991,10.63,0.00216,0.1515,TV
227.7,0.574,139.28,166.72,117.08,322.262,17.952,0.00622,0.1393,TV
225.15,0.415,92.61,110.56,82.8,102.036,10.101,0.00201,0.0926,TV
233.73,0.565,131.39,147.63,119.85,62.999,7.937,0.00115,0.1314,TV
234.32,0.564,132.65,152.99,112.38,237.881,15.423,0.00433,0.1326,TV
227.32,0.369,89.5,111.39,69.31,253.234,15.913,0.0049,0.0895,TV
228.16,0.482,108.96,125.24,90.52,108.213,10.403,0.00208,0.109,TV
226.53,0.573,133.67,147.5,121.65,49.063,7.005,0.00096,0.1337,TV
231.52,0.558,132.01,155.54,116.68,212.236,14.568,0.00396,0.132,TV
234.56,0.611,148.86,176.53,133.8,144.733,12.03,0.00263,0.1489,TV
229.26,0.51,117.99,130.87,106.53,52.527,7.248,0.001,0.118,TV
231.8,0.547,125.81,146.62,102.74,289.174,17.005,0.00538,0.1258,TV
228.24,0.406,85.9,116.27,57.77,281.005,16.763,0.00539,0.0859,TV
230.86,0.587,128.94,161.53,109.95,251.123,15.847,0.00471,0.1289,TV
228.74,0.465,106.05,125.29,98.87,64.844,8.053,0.00124,0.106,TV
231.48,0.495,108.06,131.94,98.12,131.373,11.462,0.00245,0.1081,TV
233.28,0.39,88.64,123.28,60.27,284.651,16.872,0.00523,0.0886,TV
229.85,0.501,118.36,158.91,97.01,292.732,17.109,0.00554,0.1184,TV
228.88,0.398,97.95,121.04,89.29,99.09,9.954,0.00189,0.0979,TV
231.78,0.391,88.83,102.64,77.28,116.415,10.79,0.00217,0.0888,TV
227.22,0.499,112.08,140.52,93.06,148.196,12.174,0.00287,0.1121,TV
230.13,0.564,128.66,148.45,109.03,266.372,16.321,0.00503,0.1287,TV
230.43,0.518,117.37,137.69,101.62,117.191,10.825,0.00221,0.1174,TV
229.18,0.61,132.13,155.21,111.51,271.378,16.474,0.00517,0.1321,TV
227.5,0.538,126.22,155.25,97.73,277.302,16.652,0.00536,0.1262,TV
234.93,0.356,83.49,106.78,66.67,91.462,9.564,0.00166,0.0835,TV
233.48,0.301,76.63,97.93,53.94,186.306,13.649,0.00342,0.0766,TV
227.83,0.538,129.94,151.39,117.91,207.833,14.416,0.004,0.1299,TV
233.09,0.583,139.03,162.94,122.14,144.655,12.027,0.00266,0.139,TV
233.27,0.426,109.0,124.49,95.6,100.599,10.03,0.00185,0.109,TV
225.91,0.551,132.49,146.1,121.15,87.443,9.351,0.00171,0.1325,TV
227.28,0.526,121.71,141.48,106.88,122.902,11.086,0.00238,0.1217,TV
233.8,0.461,109.7,124.07,94.73,133.011,11.533,0.00243,0.1097,TV
230.54,0.519,119.71,140.85,104.16,218.37,14.777,0.00411,0.1197,TV
227.14,0.329,79.81,94.48,63.83,111.948,10.581,0.00217,0.0798,TV
230.34,0.343,86.51,102.49,79.57,50.434,7.102,0.00095,0.0865,TV
230.85,0.455,100.25,112.11,92.39,63.303,7.956,0.00119,0.1003,TV
229.28,0.566,127.66,139.7,114.6,98.047,9.902,0.00187,0.1277,TV
230.89,0.49,112.69,144.72,91.02,177.087,13.307,0.00332,0.1127,TV
228.23,0.397,93.98,112.33,78.71,97.792,9.889,0.00188,0.094,TV
232.24,0.601,139.48,160.49,126.99,103.724,10.184,0.00192,0.1395,TV
233.89,0.57,142.62,169.44,121.11,163.322,12.78,0.00299,0.1426,TV
232.54,0.397,92.61,118.82,75.42,127.1,11.274,0.00235,0.0926,TV
229.04,0.385,92.18,109.31,81.52,119.151,10.916,0.00227,0.0922,TV
229.54,0.478,105.87,136.28,90.2,316.942,17.803,0.00602,0.1059,TV
225.9,0.542,122.26,145.97,105.52,184.77,13.593,0.00362,0.1223,TV
230.05,0.365,86.96,98.04,79.63,66.296,8.142,0.00125,0.087,TV
231.1,0.384,90.72,104.64,73.55,95.37,9.766,0.00179,0.0907,TV
228.28,0.413,91.79,107.0,73.53,154.024,12.411,0.00296,0.0918,TV
230.23,0.633,146.89,166.67,132.87,77.586,8.808,0.00146,0.1469,TV
226.7,0.401,95.38,114.41,83.39,97.925,9.896,0.00191,0.0954,TV
234.48,0.345,85.11,111.67,57.25,313.666,17.711,0.00571,0.0851,TV
233.58,0.419,99.71,127.3,81.59,202.989,14.247,0.00372,0.0997,TV
229.96,0.571,133.58,150.06,120.07,63.449,7.966,0.0012,0.1336,TV
229.04,0.41,85.96,103.12,69.9,158.117,12.574,0.00301,0.086,TV
232.64,0.405,95.66,126.26,77.39,151.011,12.289,0.00279,0.0957,TV
232.68,0.359,78.24,90.47,68.2,69.756,8.352,0.00129,0.0782,TV
233.46,0.46,102.7,132.84,83.02,201.664,14.201,0.0037,0.1027,TV
228.42,0.32,81.71,106.18,66.08,321.157,17.921,0.00616,0.0817,TV
233.79,0.408,99.15,122.18,82.28,200.315,14.153,0.00367,0.0991,TV
229.11,0.554,132.63,163.27,122.0,159.439,12.627,0.00304,0.1326,TV
230.03,0.521,121.74,143.38,98.22,293.169,17.122,0.00554,0.1217,TV
233.76,0.339,76.52,112.86,54.58,226.713,15.057,0.00415,0.0765,TV
229.39,0.339,78.59,109.6,64.4,293.137,17.121,0.00557,0.0786,TV
226.24,0.446,92.14,107.15,81.18,59.435,7.709,0.00116,0.0921,TV
230.06,0.596,140.37,173.32,126.98,271.297,16.471,0.00513,0.1404,TV
230.66,0.584,126.93,152.89,116.79,117.779,10.853,0.00221,0.1269,TV
231.72,0.303,75.35,98.47,59.98,294.849,17.171,0.00549,0.0753,TV
227.14,0.507,121.81,136.58,108.52,140.946,11.872,0.00273,0.1218,TV
233.1,0.553,130.18,161.73,113.54,224.208,14.974,0.00413,0.1302,TV
233.32,0.648,153.44,168.51,141.75,154.563,12.432,0.00284,0.1534,TV
228.22,0.532,121.29,140.28,112.17,61.247,7.826,0.00118,0.1213,TV
232.55,0.533,123.54,151.74,103.69,193.061,13.895,0.00357,0.1235,TV
230.54,0.713,153.91,187.19,128.73,226.659,15.055,0.00426,0.1539,TV
233.29,0.419,110.5,135.54,99.37,176.342,13.279,0.00324,0.1105,TV
231.15,0.61,141.24,158.47,129.07,76.257,8.733,0.00143,0.1412,TV
227.27,0.395,88.71,117.28,68.0,205.739,14.344,0.00398,0.0887,TV
225.88,0.669,146.48,164.62,132.24,127.282,11.282,0.00249,0.1465,TV
234.29,0.418,99.28,135.85,70.71,272.359,16.503,0.00496,0.0993,TV
227.46,0.494,121.16,143.92,113.09,100.4,10.02,0.00194,0.1212,TV
228.23,0.57,126.59,159.19,99.54,267.857,16.366,0.00514,0.1266,TV
227.65,0.532,116.56,131.09,100.34,142.944,11.956,0.00276,0.1166,TV
232.36,0.554,120.71,131.16,109.91,59.819,7.734,0.00111,0.1207,TV
227.75,0.375,81.37,103.89,68.14,137.49,11.726,0.00265,0.0814,TV
228.33,0.62,135.39,164.07,116.26,199.816,14.136,0.00383,0.1354,TV
225.11,0.55,130.72,157.73,112.7,124.021,11.136,0.00245,0.1307,TV
227.04,0.461,102.23,121.63,86.13,149.873,12.242,0.00291,0.1022,TV
226.65,0.711,153.22,172.96,139.19,67.03,8.187,0.0013,0.1532,TV
229.36,0.551,125.4,142.51,110.59,115.484,10.746,0.0022,0.1254,TV
229.98,0.503,121.36,138.39,112.39,103.089,10.153,0.00195,0.1214,TV
233.72,0.504,113.8,133.21,101.55,107.357,10.361,0.00197,0.1138,TV
230.64,0.347,84.16,115.66,63.53,322.809,17.967,0.00607,0.0842,TV
233.33,0.505,111.34,131.32,86.79,222.461,14.915,0.00409,0.1113,TV
232.36,0.39,91.94,105.79,76.67,73.928,8.598,0.00137,0.0919,TV
225.3,0.441,106.78,139.18,89.29,176.478,13.285,0.00348,0.1068,TV
233.19,0.495,118.77,130.76,108.52,55.482,7.449,0.00102,0.1188,TV
227.01,0.642,148.8,184.95,129.26,268.282,16.379,0.00521,0.1488,TV
230.04,0.478,112.15,130.32,104.02,95.793,9.787,0.00181,0.1121,TV
230.17,0.485,104.6,138.22,80.92,229.479,15.149,0.00433,0.1046,TV
232.23,0.378,91.36,110.77,79.24,114.868,10.718,0.00213,0.0914,TV
226.38,0.496,106.92,133.48,81.82,316.095,17.779,0.00617,0.1069,TV
229.33,0.344,80.68,106.81,64.44,152.934,12.367,0.00291,0.0807,TV
225.86,0.678,149.93,171.68,132.16,124.549,11.16,0.00244,0.1499,TV
228.24,0.568,132.29,145.7,124.27,72.073,8.49,0.00138,0.1323,TV
232.17,0.661,150.46,174.82,134.32,163.981,12.805,0.00304,0.1505,TV
228.26,0.537,113.05,146.88,89.37,185.801,13.631,0.00357,0.1131,TV
233.95,0.446,106.44,137.03,81.81,309.035,17.579,0.00565,0.1064,TV
232.1,0.668,151.05,172.08,138.25,93.911,9.691,0.00174,0.151,TV
230.52,0.54,127.88,147.14,112.92,111.343,10.552,0.0021,0.1279,TV
229.05,0.361,90.87,123.65,63.91,308.988,17.578,0.00589,0.0909,TV
229.07,0.449,107.74,132.49,90.89,168.636,12.986,0.00321,0.1077,TV
226.35,0.539,114.69,126.77,99.33,78.502,8.86,0.00153,0.1147,TV
229.02,0.667,147.72,178.56,131.34,196.483,14.017,0.00375,0.1477,TV
234.6,0.58,140.64,163.98,123.08,268.745,16.393,0.00488,0.1406,TV
233.55,0.313,77.55,89.75,69.71,61.42,7.837,0.00113,0.0776,TV
227.32,0.592,138.84,154.77,122.62,174.092,13.194,0.00337,0.1388,TV
231.76,0.561,131.17,163.22,119.22,222.9,14.93,0.00415,0.1312,TV
234.54,0.606,140.14,160.81,110.76,287.092,16.944,0.00522,0.1401,TV
225.93,0.602,134.1,170.66,110.04,308.321,17.559,0.00604,0.1341,TV
234.46,0.471,110.43,135.16,86.88,184.749,13.592,0.00336,0.1104,TV
231.87,0.58,138.35,170.3,114.99,179.914,13.413,0.00335,0.1384,TV
225.64,0.492,107.19,119.01,97.49,52.679,7.258,0.00103,0.1072,TV
227.66,0.694,146.96,176.6,117.88,295.875,17.201,0.00571,0.147,TV
228.84,0.619,133.95,150.58,112.8,149.704,12.235,0.00286,0.1339,TV
228.67,0.328,76.51,91.47,64.43,65.705,8.106,0.00126,0.0765,TV
228.35,0.572,130.64,161.7,111.66,215.649,14.685,0.00414,0.1306,TV
229.5,0.414,90.95,103.98,76.06,107.832,10.384,0.00205,0.091,TV
227.49,0.447,99.33,124.49,83.2,239.598,15.479,0.00463,0.0993,TV
226.3,0.48,111.3,137.63,93.27,158.162,12.576,0.00309,0.1113,TV
233.11,0.317,78.58,94.63,68.87,105.285,10.261,0.00194,0.0786,TV
230.22,0.534,128.1,151.99,115.38,125.263,11.192,0.00236,0.1281,TV
227.9,0.521,118.3,127.76,109.45,52.72,7.261,0.00102,0.1183,TV
225.88,0.635,142.71,172.73,118.31,226.662,15.055,0.00444,0.1427,TV
229.04,0.417,92.72,116.89,75.81,159.574,12.632,0.00304,0.0927,TV
234.02,0.622,145.06,183.43,130.85,250.133,15.816,0.00457,0.1451,TV
227.65,0.495,114.6,144.89,89.35,266.077,16.312,0.00513,0.1146,TV
232.32,0.368,88.18,104.96,75.69,118.046,10.865,0.00219,0.0882,TV
232.08,0.479,104.43,121.86,83.39,171.817,13.108,0.00319,0.1044,TV
232.25,0.37,91.77,125.25,71.21,279.941,16.731,0.00519,0.0918,TV
226.82,0.675,150.38,172.89,132.97,234.266,15.306,0.00455,0.1504,TV
232.66,0.493,110.3,135.63,95.25,221.451,14.881,0.00409,0.1103,TV
231.33,0.686,153.08,171.82,137.73,108.506,10.417,0.00203,0.1531,TV
232.62,0.345,79.66,118.83,49.74,323.375,17.983,0.00598,0.0797,TV
231.51,0.63,143.5,157.11,129.7,67.835,8.236,0.00127,0.1435,TV
226.63,0.642,143.35,170.65,119.62,211.832,14.554,0.00412,0.1433,TV
229.19,0.406,90.52,109.33,77.03,102.685,10.133,0.00195,0.0905,TV
230.81,0.607,137.46,148.99,122.22,82.983,9.11,0.00156,0.1375,TV
225.76,0.433,94.74,120.11,70.18,214.579,14.649,0.00421,0.0947,TV
228.76,0.481,117.79,157.5,100.05,276.975,16.643,0.00529,0.1178,TV
229.62,0.503,118.93,162.5,100.87,304.162,17.44,0.00577,0.1189,TV
225.08,0.365,75.74,97.88,65.81,145.594,12.066,0.00287,0.0757,TV
231.87,0.396,98.52,119.46,85.79,173.155,13.159,0.00322,0.0985,TV
230.35,0.385,90.91,108.59,72.38,158.57,12.592,0.00299,0.0909,TV
232.54,0.365,83.83,99.53,66.85,147.521,12.146,0.00273,0.0838,TV
230.17,0.613,148.95,174.48,133.28,170.039,13.04,0.00321,0.1489,TV
234.49,0.593,137.17,160.47,124.68,102.809,10.139,0.00187,0.1372,TV
226.89,0.586,131.09,147.27,119.91,103.98,10.197,0.00202,0.1311,TV
232.26,0.397,93.39,108.32,86.58,49.14,7.01,0.00091,0.0934,TV
228.8,0.487,113.07,131.51,101.72,56.104,7.49,0.00107,0.1131,TV
228.23,0.447,100.5,124.53,89.2,142.42,11.934,0.00273,0.1005,TV
227.56,0.457,105.42,139.61,86.48,275.029,16.584,0.00531,0.1054,TV
231.84,0.331,76.57,104.24,52.23,227.771,15.092,0.00424,0.0766,TV
228.6,0.509,112.2,146.47,97.51,212.835,14.589,0.00407,0.1122,TV
234.18,0.615,140.21,181.87,121.03,315.681,17.767,0.00576,0.1402,TV
233.04,0.6,146.94,163.68,133.27,192.135,13.861,0.00354,0.1469,TV
226.0,0.47,104.07,119.79,89.69,156.622,12.515,0.00307,0.1041,TV
229.64,0.478,114.63,143.22,102.75,136.998,11.705,0.0026,0.1146,TV
230.17,0.564,133.88,165.48,118.42,172.273,13.125,0.00325,0.1339,TV
231.09,0.423,98.06,114.78,86.38,76.797,8.763,0.00144,0.0981,TV
225.76,0.584,130.86,150.9,113.26,192.141,13.861,0.00377,0.1309,TV
228.95,0.476,100.79,133.99,80.6,188.083,13.714,0.00359,0.1008,TV
225.75,0.492,111.85,134.08,81.8,282.209,16.799,0.00554,0.1119,TV
233.45,0.476,108.47,132.46,89.81,140.408,11.849,0.00258,0.1085,TV
225.34,0.502,122.45,137.39,112.06,81.976,9.054,0.00161,0.1225,TV
226.07,0.376,86.65,100.0,73.72,54.285,7.368,0.00106,0.0867,TV
226.16,0.705,150.7,181.27,128.93,227.014,15.067,0.00444,0.1507,TV
230.87,0.614,141.62,157.98,131.22,60.762,7.795,0.00114,0.1416,TV
228.79,0.44,102.22,134.84,84.3,191.246,13.829,0.00365,0.1022,TV
226.02,0.377,79.92,92.74,71.32,57.224,7.565,0.00112,0.0799,TV
232.18,0.556,134.43,145.67,126.3,57.144,7.559,0.00106,0.1344,TV
226.34,0.668,150.5,173.24,131.38,251.103,15.846,0.0049,0.1505,TV
228.56,0.575,138.28,155.51,118.87,159.071,12.612,0.00305,0.1383,TV
228.75,0.489,114.82,131.14,101.91,116.085,10.774,0.00222,0.1148,TV
225.19,0.62,136.8,147.96,123.89,78.861,8.88,0.00156,0.1368,TV
229.94,0.409,91.43,123.3,75.62,228.297,15.11,0.00432,0.0914,TV
234.03,0.358,83.35,124.64,56.85,317.181,17.81,0.00579,0.0833,TV
226.9,0.491,110.37,123.66,98.37,60.63,7.787,0.00118,0.1104,TV
228.86,0.421,101.42,133.04,89.94,183.573,13.549,0.0035,0.1014,TV
231.95,0.353,83.46,105.96,69.16,204.859,14.313,0.00381,0.0835,TV
234.36,0.286,76.48,90.99,61.32,139.607,11.816,0.00254,0.0765,TV
226.32,0.465,105.11,137.03,85.95,207.213,14.395,0.00405,0.1051,TV
230.9,0.397,91.05,105.38,80.39,103.238,10.161,0.00194,0.091,TV
230.63,0.622,150.6,169.21,135.8,83.746,9.151,0.00157,0.1506,TV
230.6,0.428,95.4,107.77,84.47,97.774,9.888,0.00184,0.0954,TV
232.83,0.459,111.43,136.44,97.34,215.468,14.679,0.00397,0.1114,TV
228.98,0.532,121.4,143.87,98.61,303.756,17.429,0.00579,0.1214,TV
225.24,0.403,100.04,130.8,80.01,256.594,16.019,0.00506,0.1,TV
227.86,0.393,98.84,124.48,79.03,125.756,11.214,0.00242,0.0988,TV
233.47,0.444,109.15,128.76,88.98,170.882,13.072,0.00314,0.1092,TV
230.32,0.595,139.72,162.79,116.1,242.988,15.588,0.00458,0.1397,TV
226.73,0.354,75.21,95.04,59.01,143.04,11.96,0.00278,0.0752,TV
226.88,0.604,143.77,158.47,131.18,96.733,9.835,0.00188,0.1438,TV
227.72,0.389,88.58,121.38,69.76,222.101,14.903,0.00428,0.0886,TV
232.14,0.565,133.87,154.8,120.06,72.608,8.521,0.00135,0.1339,TV
226.26,0.37,86.07,113.64,61.96,231.946,15.23,0.00453,0.0861,TV
232.46,0.508,123.37,141.18,107.19,211.703,14.55,0.00392,0.1234,TV
231.88,0.615,138.4,151.33,120.42,107.635,10.375,0.002,0.1384,TV
228.45,0.347,83.52,110.81,70.84,154.019,12.41,0.00295,0.0835,TV
234.92,0.37,90.79,122.82,78.17,177.708,13.331,0.00322,0.0908,TV
234.71,0.653,150.8,175.54,126.81,279.903,16.73,0.00508,0.1508,TV
228.39,0.377,89.05,115.02,74.33,135.377,11.635,0.0026,0.0891,TV
230.38,0.703,154.61,177.39,141.34,129.737,11.39,0.00244,0.1546,TV
234.38,0.488,118.39,138.72,102.76,238.777,15.452,0.00435,0.1184,TV
230.02,0.335,76.6,94.92,68.63,95.676,9.781,0.00181,0.0766,TV
230.73,0.611,149.06,173.58,124.66,198.776,14.099,0.00373,0.1491,TV
232.85,0.404,91.0,108.54,79.52,71.221,8.439,0.00131,0.091,TV
231.25,0.682,153.91,171.25,132.96,165.624,12.869,0.0031,0.1539,TV
227.52,0.56,137.18,174.1,112.71,307.237,17.528,0.00594,0.1372,TV
228.53,0.538,125.91,157.69,110.67,232.99,15.264,0.00446,0.1259,TV
229.94,0.582,138.33,161.54,119.11,149.64,12.233,0.00283,0.1383,TV
233.95,0.411,88.01,112.32,73.38,322.227,17.951,0.00589,0.088,TV
233.9,0.392,94.6,128.47,69.67,225.802,15.027,0.00413,0.0946,TV
229.07,0.631,142.84,164.58,128.44,121.975,11.044,0.00232,0.1428,TV
231.46,0.644,152.83,167.65,140.17,57.959,7.613,0.00108,0.1528,TV
230.61,0.44,101.57,121.62,90.06,75.766,8.704,0.00142,0.1016,TV
234.33,0.584,139.48,157.12,121.53,213.823,14.623,0.00389,0.1395,TV
230.17,0.401,96.07,114.49,87.79,86.648,9.309,0.00164,0.0961,TV
225.58,0.425,104.78,133.46,86.53,222.825,14.927,0.00438,0.1048,TV
234.36,0.358,79.39,113.37,56.28,207.57,14.407,0.00378,0.0794,TV
226.84,0.455,98.67,118.17,74.68,221.638,14.888,0.00431,0.0987,TV
226.0,0.605,132.42,165.43,120.24,209.612,14.478,0.0041,0.1324,TV
225.23,0.487,104.84,121.47,90.01,74.592,8.637,0.00147,0.1048,TV
225.0,0.386,88.48,100.41,75.95,53.797,7.335,0.00106,0.0885,TV
225.97,0.513,123.51,152.47,112.47,143.196,11.966,0.0028,0.1235,TV
233.7,0.518,123.4,149.41,111.13,189.2,13.755,0.00346,0.1234,TV
229.45,0.671,154.96,193.19,128.68,262.036,16.188,0.00498,0.155,TV
225.03,0.435,99.28,114.15,87.18,67.153,8.195,0.00133,0.0993,TV
233.75,0.552,134.94,156.94,120.87,300.136,17.324,0.00549,0.1349,TV
227.54,0.465,101.47,120.06,89.11,99.356,9.968,0.00192,0.1015,TV
230.12,0.585,128.82,146.01,117.94,126.752,11.258,0.00239,0.1288,TV
232.57,0.536,128.35,147.16,115.23,91.667,9.574,0.00169,0.1284,TV
229.84,0.524,119.0,143.01,100.19,154.001,12.41,0.00292,0.119,TV
226.36,0.346,80.33,123.68,65.07,314.597,17.737,0.00614,0.0803,TV
229.43,0.364,89.9,118.02,68.3,152.246,12.339,0.00289,0.0899,TV
231.03,0.459,99.96,139.61,76.86,289.274,17.008,0.00542,0.1,TV
228.25,0.425,98.47,115.13,89.26,54.281,7.368,0.00104,0.0985,TV
233.19,0.324,84.97,123.87,56.26,270.083,16.434,0.00497,0.085,TV
228.97,0.393,92.37,110.51,81.53,123.433,11.11,0.00235,0.0924,TV
233.66,0.38,77.57,108.44,55.61,198.318,14.083,0.00363,0.0776,TV
233.86,0.563,133.32,161.41,110.9,296.043,17.206,0.00541,0.1333,TV
227.6,0.387,89.16,106.59,83.25,53.491,7.314,0.00103,0.0892,TV
232.36,0.381,87.17,127.38,62.41,290.175,17.035,0.00537,0.0872,TV
228.45,0.656,146.49,166.21,137.31,104.176,10.207,0.002,0.1465,TV
234.22,3.903,920.39,988.01,865.45,1233.439,35.12,0.02248,0.9204,Iron
225.01,5.472,1228.58,1384.78,1141.2,4807.249,69.334,0.09495,1.2286,Iron
234.04,4.51,1054.92,1143.43,994.26,2364.102,48.622,0.04316,1.0549,Iron
228.17,4.322,979.08,1031.36,951.58,712.817,26.699,0.01369,0.9791,Iron
226.48,5.207,1176.91,1298.12,1104.37,3097.414,55.654,0.06039,1.1769,Iron
228.04,5.906,1341.47,1396.11,1295.1,1393.986,37.336,0.02681,1.3415,Iron
225.57,5.927,1339.25,1438.3,1264.3,2650.14,51.48,0.05208,1.3392,Iron
231.12,5.227,1208.09,1303.67,1163.15,1914.387,43.754,0.03584,1.2081,Iron
227.21,4.123,930.71,1026.76,862.76,1742.208,41.74,0.03375,0.9307,Iron
232.21,4.145,970.6,1050.84,924.44,1060.567,32.566,0.01967,0.9706,Iron
234.81,4.299,1018.88,1103.23,958.78,3207.685,56.636,0.05818,1.0189,Iron
226.68,4.332,981.44,1037.74,947.06,708.022,26.609,0.01378,0.9814,Iron
225.94,4.151,935.85,994.97,909.37,876.992,29.614,0.01718,0.9358,Iron
232.19,3.812,886.48,1000.53,784.46,3837.886,61.951,0.07119,0.8865,Iron
231.01,5.144,1190.92,1295.62,1091.66,4859.145,69.708,0.09106,1.1909,Iron
225.14,4.039,909.61,1014.63,836.25,2938.63,54.209,0.05797,0.9096,Iron
225.32,4.827,1084.65,1199.01,989.74,4436.629,66.608,0.08739,1.0847,Iron
230.19,5.569,1278.98,1379.34,1234.65,1815.784,42.612,0.03427,1.279,Iron
227.8,3.854,876.56,982.49,813.99,3696.784,60.801,0.07124,0.8766,Iron
233.34,4.825,1126.77,1222.55,1063.93,2779.924,52.725,0.05106,1.1268,Iron
234.15,3.923,912.81,985.04,855.91,1921.078,43.83,0.03504,0.9128,Iron
226.4,4.831,1106.57,1158.27,1075.52,1289.445,35.909,0.02516,1.1066,Iron
232.63,4.526,1063.72,1177.88,985.02,2830.13,53.199,0.0523,1.0637,Iron
228.76,5.102,1170.02,1278.92,1090.87,2234.051,47.266,0.04269,1.17,Iron
226.71,4.045,918.12,1003.06,874.43,2848.148,53.368,0.05542,0.9181,Iron
234.29,5.166,1208.72,1295.44,1147.37,3518.792,59.319,0.0641,1.2087,Iron
230.21,4.078,936.05,998.73,898.87,1501.131,38.744,0.02832,0.936,Iron
226.67,3.8,864.23,995.87,803.91,2843.126,53.321,0.05534,0.8642,Iron
226.19,5.028,1135.19,1281.19,1041.61,4327.79,65.786,0.08459,1.1352,Iron
225.91,5.227,1189.47,1330.93,1128.36,3321.139,57.629,0.06507,1.1895,Iron
225.18,4.988,1122.8,1249.34,1066.35,3226.873,56.806,0.06364,1.1228,Iron
228.31,5.573,1280.26,1383.99,1216.31,2145.469,46.319,0.04116,1.2803,Iron
232.73,4.364,1016.34,1113.51,932.32,3895.476,62.414,0.07192,1.0163,Iron
228.18,4.28,983.35,1079.83,874.6,4694.213,68.514,0.09016,0.9834,Iron
234.84,3.675,859.95,946.26,812.5,3187.306,56.456,0.05779,0.86,Iron
225.12,5.079,1143.94,1255.02,1101.9,2262.224,47.563,0.04464,1.1439,Iron
231.82,5.133,1190.05,1323.7,1100.61,3036.958,55.109,0.05651,1.1901,Iron
228.98,4.378,1005.07,1082.08,949.24,2053.01,45.31,0.03916,1.0051,Iron
234.79,3.8,894.32,1015.63,799.64,4422.302,66.5,0.08022,0.8943,Iron
229.3,4.621,1054.76,1155.36,986.57,1752.502,41.863,0.03333,1.0548,Iron
226.09,4.0,904.06,962.84,841.26,1958.428,44.254,0.03831,0.9041,Iron
225.07,4.457,1008.3,1109.77,909.65,3077.318,55.474,0.06075,1.0083,Iron
233.74,4.401,1029.54,1091.72,983.25,731.534,27.047,0.01339,1.0295,Iron
234.98,4.171,979.29,1116.38,919.65,3316.518,57.589,0.06007,0.9793,Iron
234.08,4.294,1004.74,1112.67,883.86,4752.53,68.939,0.08673,1.0047,Iron
230.32,4.724,1088.94,1163.16,1054.2,1229.01,35.057,0.02317,1.0889,Iron
230.53,4.227,976.62,1060.76,908.64,4624.403,68.003,0.08702,0.9766,Iron
227.33,4.79,1095.67,1232.27,1007.0,4129.47,64.261,0.07991,1.0957,Iron
225.89,5.263,1197.0,1269.19,1162.88,1055.512,32.489,0.02069,1.197,Iron
233.59,3.89,913.27,983.13,837.35,2545.608,50.454,0.04665,0.9133,Iron
234.05,4.614,1067.3,1180.28,1005.26,2205.632,46.964,0.04026,1.0673,Iron
231.89,3.887,903.44,1012.86,849.4,3837.799,61.95,0.07137,0.9034,Iron
232.86,4.483,1038.47,1098.21,988.88,871.226,29.517,0.01607,1.0385,Iron
228.66,5.024,1150.77,1238.33,1061.66,2733.644,52.284,0.05228,1.1508,Iron
230.03,4.733,1082.39,1211.09,1014.01,4884.349,69.888,0.09231,1.0824,Iron
232.77,5.347,1244.29,1331.32,1149.78,3233.181,56.861,0.05967,1.2443,Iron
233.93,4.09,947.08,1023.27,895.57,952.988,30.871,0.01741,0.9471,Iron
230.45,3.811,875.6,984.32,790.84,3427.826,58.548,0.06454,0.8756,Iron
230.03,4.755,1095.91,1147.04,1064.52,1071.286,32.731,0.02025,1.0959,Iron
230.91,4.988,1155.09,1226.35,1104.48,1019.451,31.929,0.01912,1.1551,Iron
227.37,4.37,994.33,1147.13,893.67,4517.111,67.209,0.08737,0.9943,Iron
230.59,4.077,943.71,1033.2,892.78,2040.347,45.17,0.03837,0.9437,Iron
232.81,5.451,1270.22,1360.83,1234.48,1565.186,39.562,0.02888,1.2702,Iron
225.83,5.19,1170.89,1280.94,1117.11,2137.877,46.237,0.04192,1.1709,Iron
227.87,4.841,1100.37,1175.37,1032.38,2071.85,45.518,0.0399,1.1004,Iron
234.73,4.198,983.33,1081.33,898.8,3274.61,57.224,0.05943,0.9833,Iron
229.76,5.829,1346.89,1487.82,1252.38,3340.909,57.801,0.06329,1.3469,Iron
228.7,3.755,860.12,950.31,795.74,2359.987,48.58,0.04512,0.8601,Iron
234.74,5.586,1305.73,1359.94,1266.22,1041.81,32.277,0.01891,1.3057,Iron
230.24,4.923,1136.05,1278.52,1076.96,4017.736,63.386,0.07579,1.136,Iron
232.14,4.574,1067.72,1116.12,1018.47,1463.766,38.259,0.02716,1.0677,Iron
231.95,5.308,1234.74,1280.28,1175.36,1297.118,36.016,0.02411,1.2347,Iron
225.1,5.864,1318.56,1404.72,1262.84,2834.806,53.243,0.05595,1.3186,Iron
226.67,4.896,1114.31,1196.16,1071.26,2657.943,51.555,0.05173,1.1143,Iron
225.37,3.8,863.17,957.17,770.17,3394.299,58.261,0.06683,0.8632,Iron
230.13,5.199,1206.52,1257.18,1155.92,1391.859,37.308,0.02628,1.2065,Iron
228.27,4.726,1071.25,1170.94,994.39,2928.174,54.113,0.0562,1.0712,Iron
232.06,4.82,1117.09,1246.84,1048.64,3085.873,55.551,0.0573,1.1171,Iron
229.13,5.38,1232.12,1298.31,1145.46,2622.968,51.215,0.04996,1.2321,Iron
229.28,4.416,1015.32,1071.45,978.14,844.736,29.064,0.01607,1.0153,Iron
226.05,5.126,1156.24,1284.15,1056.98,3388.159,58.208,0.06631,1.1562,Iron
233.65,4.27,998.25,1055.06,959.59,1034.763,32.168,0.01895,0.9983,Iron
230.76,4.939,1141.69,1251.13,1088.54,3451.494,58.749,0.06482,1.1417,Iron
234.71,3.889,908.93,998.74,838.69,4640.512,68.121,0.08423,0.9089,Iron
225.47,5.369,1202.56,1314.17,1093.2,4002.263,63.263,0.07873,1.2026,Iron
233.45,4.301,998.4,1095.75,928.76,1676.244,40.942,0.03076,0.9984,Iron
234.76,5.541,1300.92,1370.71,1263.74,944.44,30.732,0.01714,1.3009,Iron
230.54,4.841,1114.89,1166.11,1047.95,1558.526,39.478,0.02932,1.1149,Iron
233.03,3.959,919.76,1040.49,847.27,3594.551,59.955,0.0662,0.9198,Iron
232.0,4.836,1123.87,1192.99,1057.08,2748.966,52.431,0.05107,1.1239,Iron
226.94,4.216,954.19,1084.77,888.28,2998.513,54.759,0.05822,0.9542,Iron
233.71,5.215,1224.16,1345.78,1124.69,4108.05,64.094,0.07521,1.2242,Iron
226.4,4.514,1024.14,1103.44,950.6,1808.776,42.53,0.03529,1.0241,Iron
227.91,5.057,1157.39,1318.23,1061.99,4306.63,65.625,0.08291,1.1574,Iron
233.38,4.751,1112.6,1177.3,1066.02,1181.621,34.375,0.02169,1.1126,Iron
228.68,4.527,1032.01,1153.17,926.0,4647.801,68.175,0.08887,1.032,Iron
232.51,4.236,982.77,1102.64,918.08,2573.953,50.734,0.04761,0.9828,Iron
233.27,5.457,1272.21,1358.1,1184.42,2561.511,50.611,0.04707,1.2722,Iron
229.32,4.924,1119.41,1206.6,1062.14,2031.769,45.075,0.03864,1.1194,Iron
226.39,3.736,851.69,927.95,819.29,1298.741,36.038,0.02534,0.8517,Iron
234.09,4.099,957.51,1006.63,929.67,1170.099,34.207,0.02135,0.9575,Iron
231.14,4.091,944.1,1012.92,877.72,1431.677,37.838,0.0268,0.9441,Iron
227.47,5.361,1215.82,1286.89,1159.59,2004.816,44.775,0.03874,1.2158,Iron
225.68,5.864,1327.55,1406.63,1273.33,1134.725,33.686,0.02228,1.3275,Iron
234.68,4.616,1088.95,1186.05,1032.11,3333.085,57.733,0.06052,1.0889,Iron
234.82,3.821,898.12,1001.89,829.19,2653.747,51.515,0.04813,0.8981,Iron
231.62,3.936,908.09,986.72,821.12,2497.584,49.976,0.04655,0.9081,Iron
227.31,4.837,1104.5,1241.02,1026.91,4218.738,64.952,0.08165,1.1045,Iron
228.72,4.721,1077.87,1144.6,1039.49,1086.814,32.967,0.02077,1.0779,Iron
231.11,4.478,1032.1,1108.19,987.79,1186.591,34.447,0.02222,1.0321,Iron
227.25,4.118,947.59,1019.3,914.2,1052.551,32.443,0.02038,0.9476,Iron
230.8,5.612,1288.58,1402.99,1236.35,4102.227,64.049,0.07701,1.2886,Iron
229.26,5.008,1153.1,1255.64,1105.3,2509.951,50.099,0.04775,1.1531,Iron
232.51,4.395,1019.54,1091.42,950.76,3242.767,56.945,0.05999,1.0195,Iron
232.05,4.147,963.44,1086.23,879.09,3695.171,60.788,0.06862,0.9634,Iron
230.97,4.659,1086.23,1185.75,1029.68,3183.679,56.424,0.05968,1.0862,Iron
227.14,3.772,852.9,936.68,791.46,1485.57,38.543,0.02879,0.8529,Iron
232.07,5.219,1211.22,1254.05,1187.9,830.994,28.827,0.01543,1.2112,Iron
232.16,4.4,1022.22,1121.31,924.41,3648.083,60.399,0.06768,1.0222,Iron
228.41,4.612,1054.24,1143.47,1017.75,1655.808,40.692,0.03174,1.0542,Iron
228.51,5.547,1268.62,1336.54,1218.59,784.329,28.006,0.01502,1.2686,Iron
228.72,5.403,1238.2,1343.78,1157.49,2684.971,51.817,0.05132,1.2382,Iron
226.18,5.581,1266.6,1377.3,1170.71,3220.891,56.753,0.06296,1.2666,Iron
229.3,4.797,1097.02,1164.11,1071.5,755.414,27.485,0.01437,1.097,Iron
231.97,4.724,1103.12,1165.94,1059.91,684.003,26.153,0.01271,1.1031,Iron
226.22,4.563,1031.7,1099.53,967.23,1331.832,36.494,0.02603,1.0317,Iron
230.75,5.634,1294.97,1393.65,1205.14,2947.355,54.29,0.05535,1.295,Iron
227.92,4.01,914.41,1039.08,807.17,4030.872,63.489,0.0776,0.9144,Iron
234.38,3.728,876.81,957.04,809.02,2260.396,47.544,0.04115,0.8768,Iron
230.57,5.241,1204.36,1274.48,1160.71,964.065,31.049,0.01813,1.2044,Iron
234.5,4.352,1019.76,1075.27,993.31,892.012,29.867,0.01622,1.0198,Iron
228.69,3.894,882.92,986.84,825.64,2808.736,52.998,0.05371,0.8829,Iron
234.1,4.277,1002.06,1088.32,961.33,2046.444,45.238,0.03734,1.0021,Iron
225.81,4.634,1043.65,1140.79,965.92,2704.948,52.009,0.05305,1.0436,Iron
225.55,4.425,992.27,1072.93,889.85,3827.325,61.865,0.07523,0.9923,Iron
226.53,3.867,883.08,930.52,844.46,1205.285,34.717,0.02349,0.8831,Iron
230.14,4.958,1144.38,1268.68,1059.09,3665.584,60.544,0.06921,1.1444,Iron
229.15,5.497,1271.08,1313.77,1219.78,1249.624,35.35,0.0238,1.2711,Iron
227.02,5.754,1295.06,1377.8,1237.36,4052.224,63.657,0.07862,1.2951,Iron
227.75,5.304,1208.4,1292.39,1165.67,2680.259,51.771,0.05167,1.2084,Iron
232.5,4.093,957.38,1066.62,871.24,3912.667,62.551,0.07238,0.9574,Iron
232.75,4.571,1066.54,1146.46,1032.96,1131.777,33.642,0.02089,1.0665,Iron
225.26,3.796,860.14,969.34,801.25,2809.444,53.004,0.05537,0.8601,Iron
231.8,3.767,879.07,978.57,758.83,4463.608,66.81,0.08307,0.8791,Iron
226.72,5.445,1235.77,1281.52,1177.06,1228.752,35.054,0.02391,1.2358,Iron
232.02,4.885,1128.53,1230.55,1044.63,4017.408,63.383,0.07462,1.1285,Iron
229.85,4.505,1026.95,1119.13,965.13,4240.025,65.115,0.08025,1.027,Iron
226.95,4.624,1045.36,1148.14,946.1,4569.134,67.595,0.08871,1.0454,Iron
232.4,4.657,1074.06,1219.03,989.55,4514.317,67.189,0.08358,1.0741,Iron
230.92,5.596,1289.35,1354.63,1247.72,1685.923,41.06,0.03162,1.2893,Iron
225.38,3.888,871.51,1005.07,777.81,4115.541,64.152,0.08102,0.8715,Iron
229.8,5.6,1285.21,1384.22,1223.5,1695.383,41.175,0.0321,1.2852,Iron
227.57,4.968,1132.04,1199.61,1063.89,2399.665,48.986,0.04634,1.132,Iron
234.49,4.99,1170.75,1304.75,1096.16,4155.266,64.461,0.07557,1.1707,Iron
230.13,5.166,1187.87,1292.22,1073.62,4652.789,68.211,0.08786,1.1879,Iron
234.31,4.488,1048.94,1192.42,991.78,4608.472,67.886,0.08394,1.0489,Iron
234.07,4.692,1092.24,1180.76,1048.84,2089.835,45.715,0.03814,1.0922,Iron
225.15,4.379,986.46,1030.16,948.08,630.535,25.11,0.01244,0.9865,Iron
232.99,5.684,1322.59,1402.79,1232.28,2743.948,52.383,0.05055,1.3226,Iron
231.96,5.686,1312.16,1407.95,1225.83,3255.585,57.058,0.06051,1.3122,Iron
225.4,4.636,1043.21,1104.54,1007.58,1873.551,43.285,0.03688,1.0432,Iron
233.02,5.75,1344.1,1424.43,1273.6,1647.252,40.586,0.03034,1.3441,Iron
226.67,5.335,1208.82,1286.41,1110.85,3477.938,58.974,0.06769,1.2088,Iron
230.32,4.23,983.83,1094.67,928.01,4358.886,66.022,0.08217,0.9838,Iron
228.0,4.871,1115.55,1183.04,1075.16,1880.955,43.37,0.03618,1.1156,Iron
231.18,5.2,1209.22,1310.55,1151.23,1818.283,42.641,0.03402,1.2092,Iron
229.5,5.105,1173.34,1324.9,1116.32,4607.175,67.876,0.08747,1.1733,Iron
228.15,5.219,1200.09,1333.83,1088.83,3866.615,62.182,0.07429,1.2001,Iron
227.73,5.657,1287.49,1386.91,1196.22,3540.014,59.498,0.06826,1.2875,Iron
230.32,4.32,996.15,1107.02,941.12,2971.338,54.51,0.05601,0.9961,Iron
225.3,4.768,1066.81,1185.26,979.32,2563.198,50.628,0.05049,1.0668,Iron
229.39,5.335,1223.04,1280.61,1173.97,1170.739,34.216,0.02225,1.223,Iron
225.18,5.387,1211.23,1318.83,1133.11,3918.647,62.599,0.07728,1.2112,Iron
227.88,4.451,1011.99,1119.32,958.54,3085.749,55.55,0.05942,1.012,Iron
228.1,5.692,1299.99,1438.89,1212.29,3132.4,55.968,0.0602,1.3,Iron
228.47,5.648,1281.2,1359.17,1191.78,4024.893,63.442,0.07711,1.2812,Iron
228.68,4.636,1057.83,1157.91,948.99,3898.983,62.442,0.07456,1.0578,Iron
231.72,4.192,976.1,1066.62,914.23,1569.251,39.614,0.02923,0.9761,Iron
228.29,4.897,1116.98,1157.85,1081.26,771.485,27.776,0.0148,1.117,Iron
231.93,5.694,1320.2,1419.12,1231.44,2495.309,49.953,0.04639,1.3202,Iron
231.42,3.775,865.39,1002.25,773.53,3314.434,57.571,0.06189,0.8654,Iron
234.9,3.829,895.33,981.63,816.09,3027.863,55.026,0.05487,0.8953,Iron
231.08,4.025,926.73,995.61,894.89,1176.737,34.304,0.02204,0.9267,Iron
228.27,4.782,1094.03,1194.74,1013.91,4536.2,67.351,0.08705,1.094,Iron
231.06,5.293,1227.67,1384.4,1124.28,4300.002,65.574,0.08054,1.2277,Iron
232.1,5.08,1180.57,1242.28,1152.27,727.852,26.979,0.01351,1.1806,Iron
229.32,5.191,1183.97,1262.58,1145.6,1964.603,44.324,0.03736,1.184,Iron
234.15,4.503,1056.75,1149.87,979.96,1941.404,44.061,0.03541,1.0567,Iron
227.67,4.677,1070.07,1191.26,1014.69,3698.926,60.819,0.07136,1.0701,Iron
230.1,4.853,1114.55,1230.6,1045.0,4151.116,64.429,0.0784,1.1146,Iron
227.31,5.66,1287.13,1344.46,1254.85,1068.995,32.695,0.02069,1.2871,Iron
228.51,4.541,1030.55,1152.18,934.39,4013.177,63.35,0.07686,1.0305,Iron
233.97,5.577,1300.87,1397.87,1268.05,1582.68,39.783,0.02891,1.3009,Iron
227.75,4.327,986.54,1063.62,938.72,1491.35,38.618,0.02875,0.9865,Iron
232.27,5.572,1297.46,1378.57,1201.57,3062.402,55.339,0.05677,1.2975,Iron
225.9,5.001,1131.69,1173.27,1098.56,907.173,30.119,0.01778,1.1317,Iron
227.82,5.042,1152.12,1287.34,1086.51,3813.499,61.754,0.07348,1.1521,Iron
232.07,4.89,1143.83,1219.3,1083.67,1545.061,39.307,0.02869,1.1438,Iron
225.42,3.789,855.6,918.15,788.81,2080.547,45.613,0.04094,0.8556,Iron
226.98,4.925,1124.24,1161.42,1098.52,913.394,30.222,0.01773,1.1242,Iron
234.54,3.865,921.14,994.42,869.49,3235.507,56.882,0.05882,0.9211,Iron
234.52,5.655,1322.42,1441.55,1247.02,3609.893,60.082,0.06564,1.3224,Iron
228.56,5.779,1323.54,1425.34,1269.75,2717.63,52.131,0.05202,1.3235,Iron
226.15,5.572,1268.46,1328.41,1243.79,688.718,26.243,0.01347,1.2685,Iron
233.87,5.2,1214.89,1277.62,1178.82,1050.419,32.41,0.01921,1.2149,Iron
229.04,4.576,1049.27,1104.7,994.7,1065.69,32.645,0.02032,1.0493,Iron
228.63,5.793,1325.8,1419.63,1259.75,4567.584,67.584,0.08738,1.3258,Iron
225.04,4.406,986.94,1103.13,938.5,2692.915,51.893,0.05317,0.9869,Iron
226.11,5.829,1311.05,1426.69,1218.78,3457.637,58.802,0.06763,1.311,Iron
228.72,4.242,972.05,1072.95,869.07,3341.488,57.806,0.06388,0.972,Iron
228.49,5.753,1310.86,1412.3,1203.81,4486.764,66.983,0.08594,1.3109,Iron
229.5,5.323,1222.15,1290.99,1176.17,2117.245,46.014,0.0402,1.2222,Iron
229.25,5.343,1227.75,1337.18,1171.22,2727.787,52.228,0.0519,1.2277,Iron
233.18,5.767,1344.95,1397.53,1302.94,1875.718,43.31,0.0345,1.3449,Iron
231.53,4.971,1156.04,1248.54,1061.51,3654.676,60.454,0.06818,1.156,Iron
230.45,4.032,923.64,1030.04,868.24,2058.02,45.365,0.03875,0.9236,Iron
233.4,4.887,1145.13,1210.9,1101.2,1131.276,33.634,0.02077,1.1451,Iron
229.17,3.863,886.38,937.64,853.83,866.985,29.445,0.01651,0.8864,Iron
234.26,4.456,1037.85,1149.52,948.96,3493.237,59.104,0.06366,1.0379,Iron
228.65,3.939,900.11,967.04,829.56,3059.973,55.317,0.05853,0.9001,Iron
226.93,5.09,1163.69,1288.28,1051.96,4771.203,69.074,0.09265,1.1637,Iron
234.3,5.598,1294.98,1390.66,1213.8,3643.453,60.361,0.06637,1.295,Iron
227.24,4.712,1071.96,1178.69,992.6,2189.266,46.79,0.0424,1.072,Iron
233.62,4.01,937.14,1002.44,873.58,2807.377,52.985,0.05144,0.9371,Iron
234.86,3.826,900.35,970.82,825.21,1941.829,44.066,0.0352,0.9003,Iron
225.81,5.163,1163.57,1246.8,1130.17,1610.946,40.137,0.03159,1.1636,Iron
226.33,5.307,1193.19,1273.18,1163.52,1194.164,34.557,0.02331,1.1932,Iron
226.83,5.08,1154.93,1247.72,1060.99,3326.379,57.675,0.06465,1.1549,Iron
231.03,4.487,1044.56,1142.23,996.19,2509.4,50.094,0.04701,1.0446,Iron
229.01,5.352,1230.56,1343.72,1179.47,2182.219,46.714,0.04161,1.2306,Iron
229.16,5.396,1243.48,1338.22,1201.18,2457.295,49.571,0.04679,1.2435,Iron
234.99,4.26,1004.18,1138.91,930.24,4199.344,64.802,0.07604,1.0042,Iron
230.44,5.506,1270.27,1361.47,1196.48,4192.766,64.752,0.07896,1.2703,Iron
230.98,5.528,1277.41,1368.59,1217.2,1778.38,42.171,0.03333,1.2774,Iron
228.76,4.026,920.53,1052.07,835.96,3239.838,56.92,0.06191,0.9205,Iron
232.56,3.878,905.29,1025.86,811.83,3934.451,62.725,0.07274,0.9053,Iron
234.71,3.851,891.84,981.25,813.64,4297.469,65.555,0.07801,0.8918,Iron
232.08,5.46,1266.38,1335.03,1227.34,928.299,30.468,0.01723,1.2664,Iron
229.51,4.644,1061.95,1178.31,997.35,2295.801,47.915,0.04359,1.0619,Iron
231.79,4.988,1153.46,1270.39,1071.7,2541.831,50.417,0.04731,1.1535,Iron
226.22,5.659,1274.29,1341.04,1201.44,1903.846,43.633,0.0372,1.2743,Iron
227.63,3.737,851.96,914.88,778.45,2236.88,47.296,0.04317,0.852,Iron
227.76,4.714,1071.82,1117.3,1026.09,836.165,28.917,0.01612,1.0718,Iron
234.17,5.062,1189.92,1272.43,1125.3,3781.755,61.496,0.06896,1.1899,Iron
233.95,5.156,1207.55,1318.5,1142.25,2892.28,53.78,0.05285,1.2076,Iron
234.0,4.391,1018.08,1107.37,957.0,1462.64,38.244,0.02671,1.0181,Iron
230.15,3.968,915.37,986.57,874.27,1202.579,34.678,0.0227,0.9154,Iron
232.89,4.428,1025.72,1066.16,987.16,1057.518,32.52,0.0195,1.0257,Iron
234.04,4.129,969.49,1053.88,941.2,1176.016,34.293,0.02147,0.9695,Iron
225.37,5.829,1308.9,1368.88,1275.3,978.683,31.284,0.01927,1.3089,Iron
225.65,3.835,874.96,914.0,827.83,912.043,30.2,0.01791,0.875,Iron
229.18,5.732,1314.47,1455.04,1203.31,4353.866,65.984,0.08289,1.3145,Iron
228.2,4.563,1040.55,1146.35,973.12,2768.554,52.617,0.05317,1.0406,Iron
233.21,4.577,1067.49,1156.99,1015.52,3332.541,57.728,0.06127,1.0675,Iron
228.52,4.586,1051.49,1109.65,1021.64,662.762,25.744,0.01269,1.0515,Iron
226.75,5.713,1294.85,1422.44,1200.61,2744.81,52.391,0.05338,1.2948,Iron
228.72,4.382,999.4,1158.35,908.44,4048.271,63.626,0.07739,0.9994,Iron
228.55,4.988,1137.14,1268.02,1085.82,3904.695,62.488,0.07475,1.1371,Iron
228.37,4.024,922.24,1006.59,892.54,1259.096,35.484,0.02414,0.9222,Iron
231.17,4.812,1117.05,1166.27,1080.95,1212.581,34.822,0.02269,1.1171,Iron
230.03,4.267,985.59,1107.55,927.5,4575.455,67.642,0.08647,0.9856,Iron
231.53,4.299,989.8,1101.49,902.22,2568.814,50.683,0.04792,0.9898,Iron
227.61,4.45,1017.43,1127.81,939.35,2106.075,45.892,0.04065,1.0174,Iron
228.46,4.045,924.19,1054.73,827.85,2875.299,53.622,0.05509,0.9242,Iron
228.75,4.998,1149.51,1235.45,1054.87,4036.321,63.532,0.07714,1.1495,Iron
229.03,3.869,887.98,974.03,825.42,3168.938,56.293,0.06041,0.888,Iron
226.21,5.643,1282.33,1374.09,1217.69,2228.311,47.205,0.04355,1.2823,Iron
232.45,3.923,913.53,976.53,883.59,880.565,29.674,0.0163,0.9135,Iron
228.07,4.796,1087.61,1183.53,1023.24,2044.922,45.221,0.03931,1.0876,Iron
227.93,4.455,1011.17,1082.69,931.36,1998.975,44.71,0.03848,1.0112,Iron
233.14,4.001,932.33,964.03,905.96,637.65,25.252,0.01173,0.9323,Iron
233.58,5.196,1218.38,1278.03,1172.99,1204.257,34.702,0.02207,1.2184,Iron
233.1,5.45,1269.56,1392.34,1171.03,4347.731,65.937,0.08001,1.2696,Iron
227.49,4.666,1065.86,1147.98,1020.24,2865.704,53.532,0.05538,1.0659,Iron
225.1,3.81,861.08,895.17,834.7,643.928,25.376,0.01271,0.8611,Iron
230.46,5.542,1278.98,1366.96,1203.39,3081.662,55.513,0.05802,1.279,Iron
232.15,5.197,1214.05,1342.3,1122.21,3024.365,54.994,0.05612,1.2141,Iron
231.42,5.478,1259.11,1321.98,1234.28,637.782,25.254,0.01191,1.2591,Iron
229.7,5.575,1286.01,1349.94,1253.26,1233.893,35.127,0.02339,1.286,Iron
228.64,4.527,1036.73,1210.49,972.98,4857.07,69.693,0.09291,1.0367,Iron
232.26,3.761,875.87,911.11,829.34,694.778,26.359,0.01288,0.8759,Iron
230.16,4.918,1134.85,1211.22,1096.05,1223.02,34.972,0.02309,1.1349,Iron
234.22,5.012,1178.36,1277.76,1106.14,1992.355,44.636,0.03632,1.1784,Iron
234.36,3.953,932.37,980.52,889.3,723.436,26.897,0.01317,0.9324,Iron
232.72,5.624,1309.77,1374.93,1241.73,2400.415,48.994,0.04432,1.3098,Iron
226.73,3.779,856.15,977.82,780.09,2674.376,51.714,0.05203,0.8561,Iron
234.82,3.762,881.52,1029.74,808.38,4307.96,65.635,0.07813,0.8815,Iron
226.2,4.965,1115.99,1207.54,1052.02,1685.581,41.056,0.03294,1.116,Iron
234.11,3.663,857.42,1006.03,759.82,3771.144,61.41,0.06881,0.8574,Iron
231.3,5.805,1343.46,1413.47,1282.33,1841.435,42.912,0.03442,1.3435,Iron
233.26,5.651,1318.39,1425.67,1230.66,3738.171,61.141,0.06871,1.3184,Iron
227.17,4.139,934.86,988.22,912.08,625.355,25.007,0.01212,0.9349,Iron
227.44,4.35,998.94,1085.18,924.88,2521.757,50.217,0.04875,0.9989,Iron
227.96,3.876,883.51,1020.62,823.33,4265.052,65.307,0.08208,0.8835,Iron
225.65,5.943,1337.44,1434.42,1253.86,3097.23,55.653,0.06083,1.3374,Iron
229.78,4.649,1064.94,1126.25,1029.16,650.059,25.496,0.01231,1.0649,Iron
227.03,5.776,1309.8,1474.3,1199.03,4378.725,66.172,0.08495,1.3098,Iron
227.31,3.963,899.22,1008.69,783.8,4771.207,69.074,0.09234,0.8992,Iron
225.04,3.808,860.51,929.93,792.03,2112.708,45.964,0.04172,0.8605,Iron
226.63,4.609,1044.02,1118.4,1003.47,1112.368,33.352,0.02166,1.044,Iron
225.93,4.824,1092.17,1131.95,1061.93,846.095,29.088,0.01658,1.0922,Iron
227.72,4.958,1124.58,1267.79,1071.03,3304.34,57.483,0.06372,1.1246,Iron
225.49,5.309,1197.18,1340.83,1104.85,3900.023,62.45,0.0767,1.1972,Iron
234.14,5.709,1333.91,1435.07,1271.02,3984.398,63.122,0.07268,1.3339,Iron
230.48,4.663,1076.51,1162.29,1008.28,4160.137,64.499,0.07831,1.0765,Iron
228.21,4.578,1043.58,1118.1,955.54,2810.773,53.017,0.05397,1.0436,Iron
229.48,5.702,1308.51,1380.24,1265.14,2120.984,46.054,0.04028,1.3085,Iron
226.07,4.623,1045.86,1126.15,995.62,2654.025,51.517,0.05193,1.0459,Iron
232.75,5.694,1323.4,1364.79,1271.44,871.42,29.52,0.01609,1.3234,Iron
228.17,5.156,1177.15,1220.49,1132.14,818.044,28.601,0.01571,1.1772,Iron
230.29,5.721,1313.98,1417.22,1258.66,1961.942,44.294,0.037,1.314,Iron
233.48,4.085,955.34,1024.07,868.44,2818.874,53.093,0.05171,0.9553,Iron
226.75,3.904,885.41,969.28,814.23,1849.848,43.01,0.03598,0.8854,Iron
225.6,5.436,1224.56,1314.44,1168.61,2543.467,50.433,0.04997,1.2246,Iron
230.02,4.4,1019.34,1131.98,920.3,3488.737,59.066,0.06594,1.0193,Iron
233.51,4.838,1128.61,1197.59,1088.89,1177.028,34.308,0.02159,1.1286,Iron
233.44,4.602,1076.65,1153.04,1007.65,3328.12,57.69,0.06107,1.0766,Iron
228.3,5.132,1175.18,1303.61,1097.82,3488.646,59.065,0.06693,1.1752,Iron
233.11,4.591,1068.54,1127.66,1014.96,934.808,30.575,0.0172,1.0685,Iron
231.47,5.71,1315.28,1387.49,1236.59,1960.313,44.275,0.03659,1.3153,Iron
233.63,4.327,1011.52,1091.32,967.99,2104.069,45.87,0.03855,1.0115,Iron
233.75,4.051,944.68,1005.81,867.01,2465.538,49.654,0.04512,0.9447,Iron
230.81,5.055,1162.79,1203.08,1138.9,746.789,27.327,0.01402,1.1628,Iron
230.66,4.983,1156.07,1233.38,1104.15,2471.711,49.716,0.04646,1.1561,Iron
226.37,5.638,1274.54,1350.61,1223.0,2781.673,52.742,0.05428,1.2745,Iron
231.59,4.56,1053.43,1144.42,994.67,1353.423,36.789,0.02523,1.0534,Iron
228.02,5.586,1273.78,1367.61,1201.23,3498.952,59.152,0.0673,1.2738,Iron
232.23,4.236,983.76,1138.16,929.49,3831.941,61.903,0.07105,0.9838,Iron
229.73,5.491,1251.03,1383.41,1181.51,3660.588,60.503,0.06936,1.251,Iron
234.74,4.297,1013.77,1116.92,894.73,4427.768,66.541,0.08035,1.0138,Iron
231.7,4.693,1081.76,1163.52,1025.25,2767.03,52.603,0.05154,1.0818,Iron
231.08,3.886,901.29,1026.84,789.74,4013.304,63.351,0.07516,0.9013,Iron
231.7,4.038,937.59,1032.22,899.22,2145.566,46.32,0.03997,0.9376,Iron
229.87,3.967,919.01,1028.24,858.49,3058.38,55.303,0.05788,0.919,Iron
225.14,3.964,888.82,948.51,838.66,1816.998,42.626,0.03585,0.8888,Iron
227.31,4.538,1021.91,1143.97,940.16,2770.065,52.631,0.05361,1.0219,Iron
230.53,4.47,1031.15,1128.22,996.38,1716.222,41.427,0.03229,1.0311,Iron
231.06,4.729,1092.39,1138.85,1042.09,885.661,29.76,0.01659,1.0924,Iron
230.5,4.589,1056.71,1116.88,1014.22,799.232,28.271,0.01504,1.0567,Iron
229.34,5.048,1146.64,1232.68,1097.33,1260.448,35.503,0.02396,1.1466,Iron
228.11,4.689,1074.84,1161.22,1007.9,3752.275,61.256,0.07211,1.0748,Iron
232.93,3.952,915.23,991.68,867.02,3518.967,59.321,0.06486,0.9152,Iron
233.98,4.88,1140.67,1202.01,1082.82,1667.269,40.832,0.03045,1.1407,Iron
234.83,4.972,1167.51,1250.11,1100.91,2018.631,44.929,0.03661,1.1675,Iron
226.02,4.517,1014.18,1050.95,985.91,805.836,28.387,0.01577,1.0142,Iron
229.85,4.426,1017.74,1072.72,986.99,824.028,28.706,0.0156,1.0177,Iron
231.15,5.785,1338.59,1382.88,1300.39,900.549,30.009,0.01685,1.3386,Iron
234.92,3.851,901.42,964.74,854.12,749.871,27.384,0.01359,0.9014,Iron
225.91,4.014,906.71,942.1,879.97,701.87,26.493,0.01375,0.9067,Iron
232.79,5.32,1238.07,1347.84,1169.57,2408.681,49.078,0.04445,1.2381,Iron
228.15,4.984,1130.56,1241.83,1043.24,2401.773,49.008,0.04614,1.1306,Iron
226.0,5.47,1238.42,1290.61,1189.89,1740.038,41.714,0.03407,1.2384,Iron
231.11,3.916,909.63,996.25,794.44,4433.103,66.582,0.083,0.9096,Iron
228.91,5.356,1220.4,1328.34,1158.49,2710.889,52.066,0.05174,1.2204,Iron
229.88,5.866,1344.93,1405.3,1307.13,1198.997,34.627,0.02269,1.3449,Iron
227.92,3.923,890.7,935.49,859.81,650.988,25.514,0.01253,0.8907,Iron
234.88,4.602,1084.9,1171.08,1037.73,1335.086,36.539,0.0242,1.0849,Iron
228.83,5.782,1322.11,1407.02,1248.65,2655.108,51.528,0.05071,1.3221,Iron
234.1,4.232,987.0,1103.76,940.58,2278.177,47.73,0.04157,0.987,Iron
231.8,4.454,1025.61,1107.36,985.88,1530.732,39.125,0.02849,1.0256,Iron
229.2,4.093,944.09,1006.53,912.83,643.826,25.374,0.01226,0.9441,Iron
232.9,5.34,1241.85,1313.58,1211.95,904.044,30.067,0.01667,1.2419,Iron
231.13,5.839,1342.82,1500.93,1268.88,4187.105,64.708,0.07838,1.3428,Iron
226.5,5.209,1179.87,1244.89,1122.03,1565.072,39.561,0.03051,1.1799,Iron
229.67,5.48,1256.02,1327.31,1228.35,1025.046,32.016,0.01943,1.256,Iron
233.55,4.159,976.34,1051.75,936.16,1577.966,39.724,0.02893,0.9763,Iron
233.11,5.329,1236.82,1293.68,1187.15,994.653,31.538,0.0183,1.2368,Iron
225.5,5.09,1154.34,1227.0,1117.52,1015.658,31.869,0.01997,1.1543,Iron
227.82,5.586,1270.44,1317.21,1238.55,742.916,27.256,0.01431,1.2704,Iron
232.51,3.788,881.96,989.74,784.74,3267.373,57.161,0.06044,0.882,Iron
228.13,4.997,1137.08,1224.37,1077.37,2259.48,47.534,0.04342,1.1371,Iron
229.51,5.777,1329.26,1405.95,1265.31,1349.562,36.736,0.02562,1.3293,Iron
231.63,5.553,1285.64,1389.46,1198.5,3873.4,62.237,0.07219,1.2856,Iron
227.3,5.351,1221.87,1306.45,1169.75,2377.794,48.763,0.04602,1.2219,Iron
234.99,3.764,885.86,925.82,838.11,726.854,26.96,0.01316,0.8859,Iron
234.72,3.933,921.39,961.16,880.82,873.24,29.551,0.01585,0.9214,Iron
232.81,4.478,1033.33,1155.11,967.75,4761.734,69.005,0.08785,1.0333,Iron
233.32,4.619,1079.38,1159.41,1004.61,2674.163,51.712,0.04912,1.0794,Iron
234.86,3.723,874.53,999.83,806.25,4211.216,64.894,0.07635,0.8745,Iron
228.32,4.133,940.75,1022.93,889.83,1296.025,36.0,0.02486,0.9407,Iron
234.13,4.14,965.98,1002.77,926.16,927.278,30.451,0.01692,0.966,Iron
232.82,3.677,857.71,955.95,799.06,3814.14,61.759,0.07037,0.8577,Iron
227.26,4.757,1084.29,1153.8,1041.4,1946.491,44.119,0.03769,1.0843,Iron
227.45,4.235,958.83,1018.54,915.05,970.402,31.151,0.01876,0.9588,Iron
232.06,5.105,1190.11,1252.28,1133.58,1455.804,38.155,0.02703,1.1901,Iron
228.74,4.298,986.04,1052.08,938.14,839.497,28.974,0.01604,0.986,Iron
227.2,3.896,882.39,968.3,812.87,3392.74,58.247,0.06573,0.8824,Iron
227.07,4.494,1017.96,1058.2,962.33,963.527,31.041,0.01869,1.018,Iron
231.56,4.817,1121.05,1257.31,1025.53,3533.997,59.447,0.06591,1.121,Iron
234.82,5.067,1182.7,1282.18,1069.48,4630.081,68.045,0.08397,1.1827,Iron
228.21,5.869,1344.78,1404.84,1293.66,1030.153,32.096,0.01978,1.3448,Iron
234.86,4.475,1062.65,1128.97,976.96,2723.091,52.183,0.04937,1.0627,Iron
231.48,4.534,1052.01,1102.67,1031.1,661.911,25.728,0.01235,1.052,Iron
231.53,3.777,876.85,931.37,822.88,1529.064,39.103,0.02852,0.8768,Iron
231.62,5.239,1210.57,1258.58,1178.51,1331.185,36.485,0.02481,1.2106,Iron
227.18,4.305,978.37,1037.07,934.66,872.611,29.54,0.01691,0.9784,Iron
231.43,5.555,1280.57,1345.03,1229.48,2198.594,46.889,0.04105,1.2806,Iron
230.31,5.205,1191.48,1317.41,1117.08,2881.82,53.683,0.05433,1.1915,Iron
232.79,4.2,974.35,1106.09,908.52,3082.272,55.518,0.05688,0.9744,Iron
225.6,5.075,1140.75,1216.59,1091.03,952.248,30.859,0.01871,1.1408,Iron
226.1,0.01,1.29,2.11,0.88,0.246,0.496,0.0,0.0013,Unknown
226.01,0.042,5.71,7.32,4.52,0.542,0.736,1e-05,0.0057,Unknown
227.16,0.022,2.21,2.67,1.85,0.043,0.206,0.0,0.0022,Unknown
231.39,0.02,3.02,3.5,2.71,0.136,0.369,0.0,0.003,Unknown
231.95,0.01,3.35,4.24,2.85,0.215,0.464,0.0,0.0033,Unknown
228.88,0.01,5.83,6.61,5.18,0.151,0.388,0.0,0.0058,Unknown
233.66,0.036,6.29,6.6,6.02,0.064,0.253,0.0,0.0063,Unknown
231.49,0.01,1.03,1.24,0.81,0.023,0.152,0.0,0.001,Unknown
232.35,0.012,6.09,7.19,5.25,0.571,0.755,1e-05,0.0061,Unknown
234.15,0.01,4.24,5.35,3.74,0.364,0.604,1e-05,0.0042,Unknown
225.64,0.01,4.0,4.87,3.1,0.347,0.589,1e-05,0.004,Unknown
232.46,0.039,3.13,4.35,2.12,0.312,0.559,1e-05,0.0031,Unknown
228.45,0.01,3.17,3.43,2.91,0.03,0.174,0.0,0.0032,Unknown
226.8,0.025,2.35,2.97,1.95,0.153,0.391,0.0,0.0024,Unknown
232.36,0.035,0.55,1.57,0.07,0.207,0.454,0.0,0.0006,Unknown
231.55,0.035,3.4,4.11,2.92,0.096,0.31,0.0,0.0034,Unknown
228.21,0.01,1.17,1.31,1.03,0.011,0.104,0.0,0.0012,Unknown
232.53,0.01,2.41,3.76,1.76,0.387,0.622,1e-05,0.0024,Unknown
232.29,0.027,5.36,5.87,4.9,0.121,0.348,0.0,0.0054,Unknown
226.73,0.035,4.94,5.67,4.37,0.137,0.37,0.0,0.0049,Unknown
230.15,0.024,5.79,6.97,5.23,0.35,0.592,1e-05,0.0058,Unknown
227.59,0.01,5.4,6.22,4.41,0.35,0.591,1e-05,0.0054,Unknown
226.81,0.035,5.68,6.32,5.31,0.154,0.393,0.0,0.0057,Unknown
230.5,0.01,1.29,1.47,1.09,0.018,0.135,0.0,0.0013,Unknown
232.12,0.01,0.88,1.5,0.08,0.221,0.47,0.0,0.0009,Unknown
234.26,0.036,5.77,7.08,5.03,0.451,0.671,1e-05,0.0058,Unknown
227.18,0.01,2.63,3.37,2.07,0.272,0.521,1e-05,0.0026,Unknown
230.89,0.024,6.5,7.76,5.66,0.373,0.611,1e-05,0.0065,Unknown
229.88,0.01,1.71,2.81,1.07,0.52,0.721,1e-05,0.0017,Unknown
228.72,0.014,0.68,0.9,0.55,0.023,0.153,0.0,0.0007,Unknown
231.57,0.01,5.94,6.71,5.61,0.109,0.33,0.0,0.0059,Unknown
231.21,0.01,3.23,4.35,2.54,0.26,0.51,0.0,0.0032,Unknown
231.28,0.01,6.58,7.04,6.16,0.075,0.274,0.0,0.0066,Unknown
228.76,0.024,3.54,4.06,2.91,0.133,0.365,0.0,0.0035,Unknown
232.62,0.021,3.63,4.95,3.1,0.314,0.56,1e-05,0.0036,Unknown
232.99,0.01,0.74,2.15,0.0,0.621,0.788,1e-05,0.0007,Unknown
227.93,0.048,1.63,3.21,0.85,0.414,0.644,1e-05,0.0016,Unknown
229.35,0.014,4.13,4.33,4.05,0.009,0.094,0.0,0.0041,Unknown
233.17,0.01,5.86,6.23,5.57,0.052,0.228,0.0,0.0059,Unknown
230.92,0.025,2.44,2.55,2.35,0.008,0.092,0.0,0.0024,Unknown
232.92,0.01,6.75,7.44,6.4,0.137,0.37,0.0,0.0067,Unknown
231.11,0.032,6.57,7.0,6.4,0.039,0.197,0.0,0.0066,Unknown
228.75,0.01,1.22,1.67,0.85,0.099,0.314,0.0,0.0012,Unknown
231.57,0.014,6.47,6.98,6.1,0.123,0.35,0.0,0.0065,Unknown
233.54,0.021,4.22,4.76,3.73,0.153,0.391,0.0,0.0042,Unknown
233.84,0.01,1.05,1.7,0.52,0.191,0.437,0.0,0.001,Unknown
233.77,0.01,3.93,4.37,3.45,0.09,0.301,0.0,0.0039,Unknown
227.17,0.057,2.67,4.12,1.75,0.593,0.77,1e-05,0.0027,Unknown
230.21,0.049,5.56,6.0,5.14,0.093,0.305,0.0,0.0056,Unknown
233.82,0.032,2.91,3.17,2.78,0.011,0.107,0.0,0.0029,Unknown
231.23,0.026,4.83,5.51,4.12,0.211,0.46,0.0,0.0048,Unknown
229.89,0.033,1.24,1.43,1.12,0.013,0.113,0.0,0.0012,Unknown
234.54,0.023,5.59,6.61,5.07,0.297,0.545,1e-05,0.0056,Unknown
226.07,0.02,3.71,5.37,3.14,0.498,0.705,1e-05,0.0037,Unknown
233.86,0.039,2.26,2.45,2.13,0.006,0.079,0.0,0.0023,Unknown
233.13,0.062,5.61,6.99,4.34,0.515,0.718,1e-05,0.0056,Unknown
234.96,0.01,1.26,2.53,0.44,0.472,0.687,1e-05,0.0013,Unknown
230.06,0.03,6.16,6.53,5.8,0.044,0.21,0.0,0.0062,Unknown
229.29,0.01,2.83,3.54,2.28,0.145,0.38,0.0,0.0028,Unknown
233.17,0.045,3.97,4.59,3.51,0.092,0.304,0.0,0.004,Unknown
230.58,0.01,0.87,1.15,0.68,0.031,0.177,0.0,0.0009,Unknown
228.1,0.035,3.93,4.43,3.74,0.045,0.212,0.0,0.0039,Unknown
229.44,0.02,6.02,6.83,5.4,0.262,0.512,0.0,0.006,Unknown
234.98,0.017,0.52,0.68,0.45,0.005,0.071,0.0,0.0005,Unknown
225.61,0.01,2.04,2.84,1.52,0.137,0.37,0.0,0.002,Unknown
234.26,0.01,5.8,6.52,5.36,0.085,0.292,0.0,0.0058,Unknown
225.62,0.01,0.73,1.11,0.56,0.031,0.176,0.0,0.0007,Unknown
234.21,0.012,2.74,4.51,2.15,0.535,0.731,1e-05,0.0027,Unknown
229.64,0.01,0.66,2.03,0.02,0.535,0.732,1e-05,0.0007,Unknown
234.4,0.01,5.0,6.18,4.41,0.491,0.701,1e-05,0.005,Unknown
234.74,0.01,0.61,1.89,0.0,0.579,0.761,1e-05,0.0006,Unknown
231.37,0.01,5.31,5.76,5.04,0.035,0.186,0.0,0.0053,Unknown
233.47,0.028,4.01,4.9,3.51,0.13,0.361,0.0,0.004,Unknown
225.04,0.042,0.76,1.05,0.55,0.04,0.201,0.0,0.0008,Unknown
228.05,0.021,2.84,3.33,2.53,0.134,0.365,0.0,0.0028,Unknown
229.44,0.06,4.62,5.8,3.66,0.45,0.671,1e-05,0.0046,Unknown
234.54,0.032,5.96,6.71,5.6,0.137,0.37,0.0,0.006,Unknown
230.18,0.029,6.53,7.42,6.04,0.126,0.356,0.0,0.0065,Unknown
225.42,0.037,4.31,4.63,3.9,0.065,0.256,0.0,0.0043,Unknown
227.88,0.01,1.76,3.07,0.67,0.609,0.78,1e-05,0.0018,Unknown
231.1,0.013,4.14,5.67,3.26,0.542,0.736,1e-05,0.0041,Unknown
230.44,0.035,6.68,7.85,5.92,0.269,0.519,1e-05,0.0067,Unknown
233.39,0.01,6.64,7.0,6.31,0.065,0.255,0.0,0.0066,Unknown
225.04,0.027,2.73,4.36,1.8,0.603,0.777,1e-05,0.0027,Unknown
226.93,0.01,2.81,3.05,2.51,0.031,0.177,0.0,0.0028,Unknown
229.62,0.01,1.83,2.23,1.4,0.076,0.276,0.0,0.0018,Unknown
232.13,0.01,4.63,5.44,4.02,0.116,0.34,0.0,0.0046,Unknown
230.26,0.01,1.09,1.83,0.59,0.142,0.377,0.0,0.0011,Unknown
228.31,0.01,4.03,5.15,2.91,0.592,0.769,1e-05,0.004,Unknown
225.22,0.01,1.61,2.62,1.14,0.224,0.474,0.0,0.0016,Unknown
231.68,0.01,1.69,2.57,0.94,0.26,0.51,0.0,0.0017,Unknown
225.92,0.01,1.23,2.67,0.39,0.354,0.595,1e-05,0.0012,Unknown
232.16,0.01,5.45,5.76,5.25,0.061,0.247,0.0,0.0055,Unknown
225.62,0.01,1.67,2.01,1.53,0.021,0.143,0.0,0.0017,Unknown
230.38,0.016,4.36,4.96,3.84,0.209,0.458,0.0,0.0044,Unknown
226.89,0.01,4.15,5.23,3.45,0.324,0.57,1e-05,0.0042,Unknown
228.87,0.01,5.97,6.43,5.64,0.046,0.215,0.0,0.006,Unknown
229.71,0.01,1.11,1.22,1.02,0.007,0.084,0.0,0.0011,Unknown
230.04,0.014,6.02,6.57,5.62,0.051,0.227,0.0,0.006,Unknown
230.69,0.014,4.13,5.85,3.23,0.473,0.687,1e-05,0.0041,Unknown
228.45,0.01,1.71,1.81,1.64,0.003,0.054,0.0,0.0017,Unknown
234.16,0.046,4.58,5.53,3.46,0.463,0.68,1e-05,0.0046,Unknown
231.75,0.01,1.61,2.07,1.45,0.037,0.192,0.0,0.0016,Unknown
231.65,0.018,5.96,6.52,5.39,0.103,0.32,0.0,0.006,Unknown
232.84,0.015,6.33,6.9,5.87,0.144,0.379,0.0,0.0063,Unknown
227.7,0.01,0.8,1.65,0.49,0.14,0.374,0.0,0.0008,Unknown
231.75,0.049,6.56,7.04,6.16,0.052,0.228,0.0,0.0066,Unknown
231.74,0.03,2.68,3.03,2.46,0.031,0.177,0.0,0.0027,Unknown
232.29,0.01,3.37,3.85,3.06,0.092,0.304,0.0,0.0034,Unknown
228.47,0.01,0.74,1.15,0.52,0.036,0.19,0.0,0.0007,Unknown
231.68,0.019,5.16,6.35,4.76,0.236,0.486,0.0,0.0052,Unknown
228.27,0.011,1.62,2.69,1.06,0.251,0.501,0.0,0.0016,Unknown
230.4,0.025,4.99,5.84,4.42,0.134,0.366,0.0,0.005,Unknown
227.35,0.01,4.12,5.92,3.2,0.589,0.768,1e-05,0.0041,Unknown
227.92,0.01,2.02,2.63,1.42,0.202,0.449,0.0,0.002,Unknown
225.93,0.043,3.86,4.26,3.52,0.044,0.21,0.0,0.0039,Unknown
231.16,0.01,4.62,5.72,3.83,0.208,0.456,0.0,0.0046,Unknown
229.6,0.01,1.71,2.69,1.24,0.278,0.527,1e-05,0.0017,Unknown
226.98,0.033,3.62,5.0,2.56,0.512,0.716,1e-05,0.0036,Unknown
229.47,0.01,4.78,4.95,4.69,0.008,0.088,0.0,0.0048,Unknown
228.26,0.025,6.75,7.05,6.5,0.035,0.187,0.0,0.0067,Unknown
232.44,0.047,6.07,6.55,5.74,0.08,0.283,0.0,0.0061,Unknown
233.33,0.033,0.79,1.37,0.4,0.079,0.281,0.0,0.0008,Unknown
226.98,0.01,3.3,4.31,2.85,0.182,0.426,0.0,0.0033,Unknown
233.68,0.01,4.69,4.83,4.63,0.004,0.065,0.0,0.0047,Unknown
228.81,0.01,2.82,3.35,2.35,0.108,0.329,0.0,0.0028,Unknown
226.64,0.011,6.0,7.2,4.91,0.435,0.659,1e-05,0.006,Unknown
230.67,0.072,6.35,7.92,5.13,0.604,0.777,1e-05,0.0063,Unknown
225.84,0.025,1.54,2.6,0.8,0.36,0.6,1e-05,0.0015,Unknown
226.85,0.01,4.57,4.81,4.37,0.033,0.18,0.0,0.0046,Unknown
227.31,0.015,6.28,6.41,6.16,0.008,0.091,0.0,0.0063,Unknown
225.07,0.03,6.92,7.83,6.23,0.296,0.544,1e-05,0.0069,Unknown
227.67,0.01,2.74,4.0,2.21,0.288,0.537,1e-05,0.0027,Unknown
234.6,0.025,6.21,7.7,5.59,0.379,0.616,1e-05,0.0062,Unknown
233.36,0.01,4.98,6.56,4.18,0.493,0.702,1e-05,0.005,Unknown
228.29,0.022,1.2,2.39,0.21,0.564,0.751,1e-05,0.0012,Unknown
228.91,0.01,6.74,7.41,6.24,0.091,0.301,0.0,0.0067,Unknown
232.48,0.01,6.43,7.36,5.39,0.38,0.616,1e-05,0.0064,Unknown
228.88,0.036,4.25,5.22,3.18,0.454,0.674,1e-05,0.0042,Unknown
226.72,0.019,3.23,4.06,2.62,0.455,0.675,1e-05,0.0032,Unknown
234.91,0.025,2.32,3.45,1.41,0.611,0.782,1e-05,0.0023,Unknown
230.81,0.041,3.94,4.97,3.1,0.466,0.683,1e-05,0.0039,Unknown
226.55,0.01,4.37,4.76,4.07,0.057,0.238,0.0,0.0044,Unknown
233.65,0.057,5.02,5.13,4.97,0.003,0.056,0.0,0.005,Unknown
232.81,0.052,6.94,7.88,6.48,0.201,0.448,0.0,0.0069,Unknown
226.67,0.01,2.23,3.04,1.77,0.148,0.384,0.0,0.0022,Unknown
234.28,0.01,1.11,1.81,0.78,0.108,0.328,0.0,0.0011,Unknown
225.56,0.015,1.29,2.72,0.09,0.559,0.747,1e-05,0.0013,Unknown
228.33,0.01,4.35,5.38,3.7,0.177,0.421,0.0,0.0044,Unknown
234.28,0.058,2.17,2.61,1.91,0.064,0.252,0.0,0.0022,Unknown
226.29,0.035,6.07,7.16,5.31,0.22,0.469,0.0,0.0061,Unknown
225.83,0.01,6.45,7.05,6.06,0.125,0.353,0.0,0.0064,Unknown
229.61,0.01,2.14,2.88,1.6,0.11,0.331,0.0,0.0021,Unknown
233.74,0.01,0.84,1.91,0.0,0.514,0.717,1e-05,0.0008,Unknown
230.83,0.045,4.09,5.02,3.3,0.482,0.695,1e-05,0.0041,Unknown
227.16,0.029,5.72,6.22,5.17,0.122,0.35,0.0,0.0057,Unknown
225.91,0.01,3.85,4.01,3.71,0.01,0.098,0.0,0.0038,Unknown
229.29,0.034,1.97,2.93,1.33,0.154,0.392,0.0,0.002,Unknown
226.45,0.01,0.69,2.11,0.0,0.563,0.75,1e-05,0.0007,Unknown
229.82,0.051,6.8,7.57,6.28,0.307,0.554,1e-05,0.0068,Unknown
227.04,0.01,5.48,5.82,5.01,0.074,0.272,0.0,0.0055,Unknown
229.22,0.013,6.48,7.76,5.62,0.503,0.709,1e-05,0.0065,Unknown
230.55,0.01,2.08,2.3,1.99,0.008,0.089,0.0,0.0021,Unknown
229.92,0.01,0.62,0.89,0.38,0.026,0.161,0.0,0.0006,Unknown
227.28,0.014,3.25,4.35,2.72,0.219,0.468,0.0,0.0032,Unknown
232.47,0.01,1.21,1.66,0.91,0.136,0.369,0.0,0.0012,Unknown
229.83,0.01,2.44,3.79,1.58,0.468,0.684,1e-05,0.0024,Unknown
225.4,0.01,6.3,7.45,5.57,0.638,0.799,1e-05,0.0063,Unknown
226.44,0.064,4.8,6.05,3.95,0.298,0.546,1e-05,0.0048,Unknown
231.88,0.01,3.83,4.66,3.28,0.165,0.407,0.0,0.0038,Unknown
231.44,0.01,4.48,5.68,3.71,0.347,0.589,1e-05,0.0045,Unknown
227.42,0.04,0.51,1.43,0.0,0.221,0.47,0.0,0.0005,Unknown
228.61,0.026,3.06,3.32,2.75,0.041,0.201,0.0,0.0031,Unknown
231.88,0.01,3.56,4.82,2.8,0.5,0.707,1e-05,0.0036,Unknown
233.96,0.01,6.1,6.31,5.95,0.03,0.173,0.0,0.0061,Unknown
233.89,0.034,3.45,4.14,2.97,0.082,0.286,0.0,0.0034,Unknown
233.44,0.015,3.83,4.75,2.95,0.412,0.642,1e-05,0.0038,Unknown
225.4,0.053,5.46,5.82,5.3,0.031,0.176,0.0,0.0055,Unknown
234.47,0.03,2.4,2.7,2.01,0.048,0.22,0.0,0.0024,Unknown
229.99,0.033,3.59,3.84,3.45,0.018,0.133,0.0,0.0036,Unknown
234.77,0.02,5.68,6.18,5.11,0.129,0.36,0.0,0.0057,Unknown
227.12,0.014,4.12,5.15,3.55,0.41,0.64,1e-05,0.0041,Unknown
229.65,0.013,5.36,5.68,4.98,0.047,0.216,0.0,0.0054,Unknown
227.12,0.022,2.71,3.42,2.25,0.083,0.289,0.0,0.0027,Unknown
232.24,0.01,1.71,3.38,1.0,0.536,0.732,1e-05,0.0017,Unknown
225.81,0.034,4.77,5.48,4.16,0.292,0.54,1e-05,0.0048,Unknown
234.93,0.01,4.91,5.79,4.38,0.357,0.598,1e-05,0.0049,Unknown
227.35,0.01,1.75,2.54,0.97,0.231,0.481,0.0,0.0018,Unknown
226.84,0.01,3.52,3.63,3.47,0.004,0.06,0.0,0.0035,Unknown
230.92,0.023,5.43,5.81,5.12,0.037,0.193,0.0,0.0054,Unknown
232.68,0.053,5.72,7.44,4.86,0.503,0.709,1e-05,0.0057,Unknown
231.97,0.037,6.97,7.07,6.91,0.004,0.06,0.0,0.007,Unknown
227.62,0.01,1.95,2.71,1.05,0.339,0.582,1e-05,0.0019,Unknown
227.53,0.037,4.59,6.04,3.56,0.386,0.622,1e-05,0.0046,Unknown
234.65,0.047,4.28,5.93,3.04,0.535,0.731,1e-05,0.0043,Unknown
226.27,0.011,3.07,3.47,2.84,0.064,0.254,0.0,0.0031,Unknown
233.06,0.01,0.56,0.97,0.17,0.081,0.284,0.0,0.0006,Unknown
229.88,0.01,4.74,4.94,4.59,0.02,0.141,0.0,0.0047,Unknown
234.74,0.01,3.08,3.84,2.44,0.249,0.499,0.0,0.0031,Unknown
226.37,0.01,4.97,6.33,3.84,0.632,0.795,1e-05,0.005,Unknown
234.63,0.01,5.9,6.76,5.54,0.158,0.398,0.0,0.0059,Unknown
226.61,0.016,3.27,3.58,3.08,0.022,0.148,0.0,0.0033,Unknown
230.31,0.01,1.45,1.75,1.18,0.024,0.155,0.0,0.0015,Unknown
233.69,0.01,0.97,2.3,0.12,0.5,0.707,1e-05,0.001,Unknown
228.1,0.032,2.43,3.09,2.01,0.078,0.279,0.0,0.0024,Unknown
227.57,0.032,4.52,5.39,4.08,0.156,0.395,0.0,0.0045,Unknown
231.43,0.053,6.23,6.69,5.77,0.124,0.352,0.0,0.0062,Unknown
234.51,0.01,3.66,4.48,3.3,0.16,0.4,0.0,0.0037,Unknown
227.54,0.05,6.47,7.15,5.92,0.305,0.552,1e-05,0.0065,Unknown
233.4,0.025,2.4,3.83,1.28,0.56,0.748,1e-05,0.0024,Unknown
230.97,0.015,1.3,2.35,0.48,0.597,0.772,1e-05,0.0013,Unknown
233.38,0.04,3.85,4.65,3.57,0.111,0.333,0.0,0.0039,Unknown
233.56,0.01,2.0,2.95,1.05,0.471,0.687,1e-05,0.002,Unknown
232.47,0.045,5.73,7.18,4.98,0.363,0.602,1e-05,0.0057,Unknown
226.73,0.01,0.81,1.14,0.49,0.055,0.235,0.0,0.0008,Unknown
233.94,0.027,0.96,2.53,0.18,0.617,0.785,1e-05,0.001,Unknown
231.79,0.014,5.46,6.33,5.11,0.138,0.372,0.0,0.0055,Unknown
227.11,0.01,2.05,3.01,1.15,0.545,0.738,1e-05,0.0021,Unknown
230.32,0.018,6.34,8.08,4.93,0.637,0.798,1e-05,0.0063,Unknown
229.02,0.025,4.7,5.19,4.27,0.098,0.313,0.0,0.0047,Unknown
234.34,0.01,0.73,2.07,0.0,0.393,0.627,1e-05,0.0007,Unknown
230.45,0.026,5.47,7.08,4.76,0.521,0.722,1e-05,0.0055,Unknown
231.0,0.01,2.66,2.74,2.61,0.003,0.057,0.0,0.0027,Unknown
227.85,0.043,6.74,7.14,6.38,0.112,0.334,0.0,0.0067,Unknown
226.19,0.024,1.17,1.38,1.06,0.012,0.108,0.0,0.0012,Unknown
229.24,0.021,6.45,7.18,5.8,0.179,0.423,0.0,0.0065,Unknown
225.73,0.01,1.08,2.07,0.22,0.29,0.539,1e-05,0.0011,Unknown
230.96,0.031,3.75,5.55,2.41,0.618,0.786,1e-05,0.0038,Unknown
227.54,0.03,5.52,5.89,5.09,0.062,0.249,0.0,0.0055,Unknown
227.76,0.01,2.78,3.2,2.54,0.045,0.213,0.0,0.0028,Unknown
231.57,0.01,0.6,0.73,0.48,0.01,0.098,0.0,0.0006,Unknown
227.45,0.019,4.23,5.22,3.48,0.392,0.626,1e-05,0.0042,Unknown
230.24,0.01,1.38,1.47,1.28,0.005,0.069,0.0,0.0014,Unknown
226.92,0.024,6.42,6.56,6.35,0.004,0.064,0.0,0.0064,Unknown
231.73,0.012,4.33,4.83,4.05,0.047,0.218,0.0,0.0043,Unknown
234.85,0.048,5.51,6.96,4.52,0.6,0.774,1e-05,0.0055,Unknown
232.55,0.031,6.22,7.48,4.99,0.598,0.773,1e-05,0.0062,Unknown
226.8,0.01,2.76,3.8,1.69,0.56,0.749,1e-05,0.0028,Unknown
230.93,0.01,1.28,1.85,0.99,0.087,0.294,0.0,0.0013,Unknown
229.55,0.012,5.36,5.68,5.01,0.068,0.261,0.0,0.0054,Unknown
234.57,0.023,3.04,3.94,2.5,0.133,0.365,0.0,0.003,Unknown
234.75,0.055,4.98,6.5,3.87,0.52,0.721,1e-05,0.005,Unknown
227.9,0.025,2.47,3.48,1.6,0.406,0.637,1e-05,0.0025,Unknown
226.11,0.015,5.89,6.62,5.22,0.252,0.502,0.0,0.0059,Unknown
227.82,0.013,2.6,3.0,2.04,0.098,0.314,0.0,0.0026,Unknown
228.71,0.017,4.7,5.36,4.21,0.101,0.317,0.0,0.0047,Unknown
231.91,0.01,1.24,2.09,0.79,0.294,0.543,1e-05,0.0012,Unknown
229.67,0.01,5.08,5.53,4.84,0.079,0.282,0.0,0.0051,Unknown
231.87,0.041,4.19,4.85,3.77,0.097,0.312,0.0,0.0042,Unknown
231.36,0.01,4.79,5.16,4.53,0.071,0.267,0.0,0.0048,Unknown
